State1,State2,SKU
Don't Alabama,My Alabama,D-AL-M-AL
Don't Alabama,My Alaska,D-AL-M-AK
Don't Alabama,My Arizona,D-AL-M-AZ
Don't Alabama,My Arkansas,D-AL-M-AR
Don't Alabama,My California,D-AL-M-CA
Don't Alabama,My Colorado,D-AL-M-CO
Don't Alabama,My Connecticut,D-AL-M-CT
Don't Alabama,My Delaware,D-AL-M-DE
Don't Alabama,My Florida,D-AL-M-FL
Don't Alabama,My Georgia,D-AL-M-GA
Don't Alabama,My Hawaii,D-AL-M-HI
Don't Alabama,My Idaho,D-AL-M-ID
Don't Alabama,My Illinois,D-AL-M-IL
Don't Alabama,My Indiana,D-AL-M-IN
Don't Alabama,My Iowa,D-AL-M-IA
Don't Alabama,My Kansas,D-AL-M-KS
Don't Alabama,My Kentucky,D-AL-M-KY
Don't Alabama,My Louisiana,D-AL-M-LA
Don't Alabama,My Maine,D-AL-M-ME
Don't Alabama,My Maryland,D-AL-M-MD
Don't Alabama,My Massachusetts,D-AL-M-MA
Don't Alabama,My Michigan,D-AL-M-MI
Don't Alabama,My Minnesota,D-AL-M-MN
Don't Alabama,My Mississippi,D-AL-M-MS
Don't Alabama,My Missouri,D-AL-M-MO
Don't Alabama,My Montana,D-AL-M-MT
Don't Alabama,My Nebraska,D-AL-M-NE
Don't Alabama,My Nevada,D-AL-M-NV
Don't Alabama,My New Hampshire,D-AL-M-NH
Don't Alabama,My New Jersey,D-AL-M-NJ
Don't Alabama,My New Mexico,D-AL-M-NM
Don't Alabama,My New York,D-AL-M-NY
Don't Alabama,My North Carolina,D-AL-M-NC
Don't Alabama,My North Dakota,D-AL-M-ND
Don't Alabama,My Ohio,D-AL-M-OH
Don't Alabama,My Oklahoma,D-AL-M-OK
Don't Alabama,My Oregon,D-AL-M-OR
Don't Alabama,My Pennsylvania,D-AL-M-PA
Don't Alabama,My Rhode Island,D-AL-M-RI
Don't Alabama,My South Carolina,D-AL-M-SC
Don't Alabama,My South Dakota,D-AL-M-SD
Don't Alabama,My Tennessee,D-AL-M-TN
Don't Alabama,My Texas,D-AL-M-TX
Don't Alabama,My Utah,D-AL-M-UT
Don't Alabama,My Vermont,D-AL-M-VT
Don't Alabama,My Virginia,D-AL-M-VA
Don't Alabama,My Washington,D-AL-M-WA
Don't Alabama,My West Virginia,D-AL-M-WV
Don't Alabama,My Wisconsin,D-AL-M-WI
Don't Alabama,My Wyoming,D-AL-M-WY
Don't Alaska,My Alabama,D-AK-M-AL
Don't Alaska,My Alaska,D-AK-M-AK
Don't Alaska,My Arizona,D-AK-M-AZ
Don't Alaska,My Arkansas,D-AK-M-AR
Don't Alaska,My California,D-AK-M-CA
Don't Alaska,My Colorado,D-AK-M-CO
Don't Alaska,My Connecticut,D-AK-M-CT
Don't Alaska,My Delaware,D-AK-M-DE
Don't Alaska,My Florida,D-AK-M-FL
Don't Alaska,My Georgia,D-AK-M-GA
Don't Alaska,My Hawaii,D-AK-M-HI
Don't Alaska,My Idaho,D-AK-M-ID
Don't Alaska,My Illinois,D-AK-M-IL
Don't Alaska,My Indiana,D-AK-M-IN
Don't Alaska,My Iowa,D-AK-M-IA
Don't Alaska,My Kansas,D-AK-M-KS
Don't Alaska,My Kentucky,D-AK-M-KY
Don't Alaska,My Louisiana,D-AK-M-LA
Don't Alaska,My Maine,D-AK-M-ME
Don't Alaska,My Maryland,D-AK-M-MD
Don't Alaska,My Massachusetts,D-AK-M-MA
Don't Alaska,My Michigan,D-AK-M-MI
Don't Alaska,My Minnesota,D-AK-M-MN
Don't Alaska,My Mississippi,D-AK-M-MS
Don't Alaska,My Missouri,D-AK-M-MO
Don't Alaska,My Montana,D-AK-M-MT
Don't Alaska,My Nebraska,D-AK-M-NE
Don't Alaska,My Nevada,D-AK-M-NV
Don't Alaska,My New Hampshire,D-AK-M-NH
Don't Alaska,My New Jersey,D-AK-M-NJ
Don't Alaska,My New Mexico,D-AK-M-NM
Don't Alaska,My New York,D-AK-M-NY
Don't Alaska,My North Carolina,D-AK-M-NC
Don't Alaska,My North Dakota,D-AK-M-ND
Don't Alaska,My Ohio,D-AK-M-OH
Don't Alaska,My Oklahoma,D-AK-M-OK
Don't Alaska,My Oregon,D-AK-M-OR
Don't Alaska,My Pennsylvania,D-AK-M-PA
Don't Alaska,My Rhode Island,D-AK-M-RI
Don't Alaska,My South Carolina,D-AK-M-SC
Don't Alaska,My South Dakota,D-AK-M-SD
Don't Alaska,My Tennessee,D-AK-M-TN
Don't Alaska,My Texas,D-AK-M-TX
Don't Alaska,My Utah,D-AK-M-UT
Don't Alaska,My Vermont,D-AK-M-VT
Don't Alaska,My Virginia,D-AK-M-VA
Don't Alaska,My Washington,D-AK-M-WA
Don't Alaska,My West Virginia,D-AK-M-WV
Don't Alaska,My Wisconsin,D-AK-M-WI
Don't Alaska,My Wyoming,D-AK-M-WY
Don't Arizona,My Alabama,D-AZ-M-AL
Don't Arizona,My Alaska,D-AZ-M-AK
Don't Arizona,My Arizona,D-AZ-M-AZ
Don't Arizona,My Arkansas,D-AZ-M-AR
Don't Arizona,My California,D-AZ-M-CA
Don't Arizona,My Colorado,D-AZ-M-CO
Don't Arizona,My Connecticut,D-AZ-M-CT
Don't Arizona,My Delaware,D-AZ-M-DE
Don't Arizona,My Florida,D-AZ-M-FL
Don't Arizona,My Georgia,D-AZ-M-GA
Don't Arizona,My Hawaii,D-AZ-M-HI
Don't Arizona,My Idaho,D-AZ-M-ID
Don't Arizona,My Illinois,D-AZ-M-IL
Don't Arizona,My Indiana,D-AZ-M-IN
Don't Arizona,My Iowa,D-AZ-M-IA
Don't Arizona,My Kansas,D-AZ-M-KS
Don't Arizona,My Kentucky,D-AZ-M-KY
Don't Arizona,My Louisiana,D-AZ-M-LA
Don't Arizona,My Maine,D-AZ-M-ME
Don't Arizona,My Maryland,D-AZ-M-MD
Don't Arizona,My Massachusetts,D-AZ-M-MA
Don't Arizona,My Michigan,D-AZ-M-MI
Don't Arizona,My Minnesota,D-AZ-M-MN
Don't Arizona,My Mississippi,D-AZ-M-MS
Don't Arizona,My Missouri,D-AZ-M-MO
Don't Arizona,My Montana,D-AZ-M-MT
Don't Arizona,My Nebraska,D-AZ-M-NE
Don't Arizona,My Nevada,D-AZ-M-NV
Don't Arizona,My New Hampshire,D-AZ-M-NH
Don't Arizona,My New Jersey,D-AZ-M-NJ
Don't Arizona,My New Mexico,D-AZ-M-NM
Don't Arizona,My New York,D-AZ-M-NY
Don't Arizona,My North Carolina,D-AZ-M-NC
Don't Arizona,My North Dakota,D-AZ-M-ND
Don't Arizona,My Ohio,D-AZ-M-OH
Don't Arizona,My Oklahoma,D-AZ-M-OK
Don't Arizona,My Oregon,D-AZ-M-OR
Don't Arizona,My Pennsylvania,D-AZ-M-PA
Don't Arizona,My Rhode Island,D-AZ-M-RI
Don't Arizona,My South Carolina,D-AZ-M-SC
Don't Arizona,My South Dakota,D-AZ-M-SD
Don't Arizona,My Tennessee,D-AZ-M-TN
Don't Arizona,My Texas,D-AZ-M-TX
Don't Arizona,My Utah,D-AZ-M-UT
Don't Arizona,My Vermont,D-AZ-M-VT
Don't Arizona,My Virginia,D-AZ-M-VA
Don't Arizona,My Washington,D-AZ-M-WA
Don't Arizona,My West Virginia,D-AZ-M-WV
Don't Arizona,My Wisconsin,D-AZ-M-WI
Don't Arizona,My Wyoming,D-AZ-M-WY
Don't Arkansas,My Alabama,D-AR-M-AL
Don't Arkansas,My Alaska,D-AR-M-AK
Don't Arkansas,My Arizona,D-AR-M-AZ
Don't Arkansas,My Arkansas,D-AR-M-AR
Don't Arkansas,My California,D-AR-M-CA
Don't Arkansas,My Colorado,D-AR-M-CO
Don't Arkansas,My Connecticut,D-AR-M-CT
Don't Arkansas,My Delaware,D-AR-M-DE
Don't Arkansas,My Florida,D-AR-M-FL
Don't Arkansas,My Georgia,D-AR-M-GA
Don't Arkansas,My Hawaii,D-AR-M-HI
Don't Arkansas,My Idaho,D-AR-M-ID
Don't Arkansas,My Illinois,D-AR-M-IL
Don't Arkansas,My Indiana,D-AR-M-IN
Don't Arkansas,My Iowa,D-AR-M-IA
Don't Arkansas,My Kansas,D-AR-M-KS
Don't Arkansas,My Kentucky,D-AR-M-KY
Don't Arkansas,My Louisiana,D-AR-M-LA
Don't Arkansas,My Maine,D-AR-M-ME
Don't Arkansas,My Maryland,D-AR-M-MD
Don't Arkansas,My Massachusetts,D-AR-M-MA
Don't Arkansas,My Michigan,D-AR-M-MI
Don't Arkansas,My Minnesota,D-AR-M-MN
Don't Arkansas,My Mississippi,D-AR-M-MS
Don't Arkansas,My Missouri,D-AR-M-MO
Don't Arkansas,My Montana,D-AR-M-MT
Don't Arkansas,My Nebraska,D-AR-M-NE
Don't Arkansas,My Nevada,D-AR-M-NV
Don't Arkansas,My New Hampshire,D-AR-M-NH
Don't Arkansas,My New Jersey,D-AR-M-NJ
Don't Arkansas,My New Mexico,D-AR-M-NM
Don't Arkansas,My New York,D-AR-M-NY
Don't Arkansas,My North Carolina,D-AR-M-NC
Don't Arkansas,My North Dakota,D-AR-M-ND
Don't Arkansas,My Ohio,D-AR-M-OH
Don't Arkansas,My Oklahoma,D-AR-M-OK
Don't Arkansas,My Oregon,D-AR-M-OR
Don't Arkansas,My Pennsylvania,D-AR-M-PA
Don't Arkansas,My Rhode Island,D-AR-M-RI
Don't Arkansas,My South Carolina,D-AR-M-SC
Don't Arkansas,My South Dakota,D-AR-M-SD
Don't Arkansas,My Tennessee,D-AR-M-TN
Don't Arkansas,My Texas,D-AR-M-TX
Don't Arkansas,My Utah,D-AR-M-UT
Don't Arkansas,My Vermont,D-AR-M-VT
Don't Arkansas,My Virginia,D-AR-M-VA
Don't Arkansas,My Washington,D-AR-M-WA
Don't Arkansas,My West Virginia,D-AR-M-WV
Don't Arkansas,My Wisconsin,D-AR-M-WI
Don't Arkansas,My Wyoming,D-AR-M-WY
Don't California,My Alabama,D-CA-M-AL
Don't California,My Alaska,D-CA-M-AK
Don't California,My Arizona,D-CA-M-AZ
Don't California,My Arkansas,D-CA-M-AR
Don't California,My California,D-CA-M-CA
Don't California,My Colorado,D-CA-M-CO
Don't California,My Connecticut,D-CA-M-CT
Don't California,My Delaware,D-CA-M-DE
Don't California,My Florida,D-CA-M-FL
Don't California,My Georgia,D-CA-M-GA
Don't California,My Hawaii,D-CA-M-HI
Don't California,My Idaho,D-CA-M-ID
Don't California,My Illinois,D-CA-M-IL
Don't California,My Indiana,D-CA-M-IN
Don't California,My Iowa,D-CA-M-IA
Don't California,My Kansas,D-CA-M-KS
Don't California,My Kentucky,D-CA-M-KY
Don't California,My Louisiana,D-CA-M-LA
Don't California,My Maine,D-CA-M-ME
Don't California,My Maryland,D-CA-M-MD
Don't California,My Massachusetts,D-CA-M-MA
Don't California,My Michigan,D-CA-M-MI
Don't California,My Minnesota,D-CA-M-MN
Don't California,My Mississippi,D-CA-M-MS
Don't California,My Missouri,D-CA-M-MO
Don't California,My Montana,D-CA-M-MT
Don't California,My Nebraska,D-CA-M-NE
Don't California,My Nevada,D-CA-M-NV
Don't California,My New Hampshire,D-CA-M-NH
Don't California,My New Jersey,D-CA-M-NJ
Don't California,My New Mexico,D-CA-M-NM
Don't California,My New York,D-CA-M-NY
Don't California,My North Carolina,D-CA-M-NC
Don't California,My North Dakota,D-CA-M-ND
Don't California,My Ohio,D-CA-M-OH
Don't California,My Oklahoma,D-CA-M-OK
Don't California,My Oregon,D-CA-M-OR
Don't California,My Pennsylvania,D-CA-M-PA
Don't California,My Rhode Island,D-CA-M-RI
Don't California,My South Carolina,D-CA-M-SC
Don't California,My South Dakota,D-CA-M-SD
Don't California,My Tennessee,D-CA-M-TN
Don't California,My Texas,D-CA-M-TX
Don't California,My Utah,D-CA-M-UT
Don't California,My Vermont,D-CA-M-VT
Don't California,My Virginia,D-CA-M-VA
Don't California,My Washington,D-CA-M-WA
Don't California,My West Virginia,D-CA-M-WV
Don't California,My Wisconsin,D-CA-M-WI
Don't California,My Wyoming,D-CA-M-WY
Don't Colorado,My Alabama,D-CO-M-AL
Don't Colorado,My Alaska,D-CO-M-AK
Don't Colorado,My Arizona,D-CO-M-AZ
Don't Colorado,My Arkansas,D-CO-M-AR
Don't Colorado,My California,D-CO-M-CA
Don't Colorado,My Colorado,D-CO-M-CO
Don't Colorado,My Connecticut,D-CO-M-CT
Don't Colorado,My Delaware,D-CO-M-DE
Don't Colorado,My Florida,D-CO-M-FL
Don't Colorado,My Georgia,D-CO-M-GA
Don't Colorado,My Hawaii,D-CO-M-HI
Don't Colorado,My Idaho,D-CO-M-ID
Don't Colorado,My Illinois,D-CO-M-IL
Don't Colorado,My Indiana,D-CO-M-IN
Don't Colorado,My Iowa,D-CO-M-IA
Don't Colorado,My Kansas,D-CO-M-KS
Don't Colorado,My Kentucky,D-CO-M-KY
Don't Colorado,My Louisiana,D-CO-M-LA
Don't Colorado,My Maine,D-CO-M-ME
Don't Colorado,My Maryland,D-CO-M-MD
Don't Colorado,My Massachusetts,D-CO-M-MA
Don't Colorado,My Michigan,D-CO-M-MI
Don't Colorado,My Minnesota,D-CO-M-MN
Don't Colorado,My Mississippi,D-CO-M-MS
Don't Colorado,My Missouri,D-CO-M-MO
Don't Colorado,My Montana,D-CO-M-MT
Don't Colorado,My Nebraska,D-CO-M-NE
Don't Colorado,My Nevada,D-CO-M-NV
Don't Colorado,My New Hampshire,D-CO-M-NH
Don't Colorado,My New Jersey,D-CO-M-NJ
Don't Colorado,My New Mexico,D-CO-M-NM
Don't Colorado,My New York,D-CO-M-NY
Don't Colorado,My North Carolina,D-CO-M-NC
Don't Colorado,My North Dakota,D-CO-M-ND
Don't Colorado,My Ohio,D-CO-M-OH
Don't Colorado,My Oklahoma,D-CO-M-OK
Don't Colorado,My Oregon,D-CO-M-OR
Don't Colorado,My Pennsylvania,D-CO-M-PA
Don't Colorado,My Rhode Island,D-CO-M-RI
Don't Colorado,My South Carolina,D-CO-M-SC
Don't Colorado,My South Dakota,D-CO-M-SD
Don't Colorado,My Tennessee,D-CO-M-TN
Don't Colorado,My Texas,D-CO-M-TX
Don't Colorado,My Utah,D-CO-M-UT
Don't Colorado,My Vermont,D-CO-M-VT
Don't Colorado,My Virginia,D-CO-M-VA
Don't Colorado,My Washington,D-CO-M-WA
Don't Colorado,My West Virginia,D-CO-M-WV
Don't Colorado,My Wisconsin,D-CO-M-WI
Don't Colorado,My Wyoming,D-CO-M-WY
Don't Connecticut,My Alabama,D-CT-M-AL
Don't Connecticut,My Alaska,D-CT-M-AK
Don't Connecticut,My Arizona,D-CT-M-AZ
Don't Connecticut,My Arkansas,D-CT-M-AR
Don't Connecticut,My California,D-CT-M-CA
Don't Connecticut,My Colorado,D-CT-M-CO
Don't Connecticut,My Connecticut,D-CT-M-CT
Don't Connecticut,My Delaware,D-CT-M-DE
Don't Connecticut,My Florida,D-CT-M-FL
Don't Connecticut,My Georgia,D-CT-M-GA
Don't Connecticut,My Hawaii,D-CT-M-HI
Don't Connecticut,My Idaho,D-CT-M-ID
Don't Connecticut,My Illinois,D-CT-M-IL
Don't Connecticut,My Indiana,D-CT-M-IN
Don't Connecticut,My Iowa,D-CT-M-IA
Don't Connecticut,My Kansas,D-CT-M-KS
Don't Connecticut,My Kentucky,D-CT-M-KY
Don't Connecticut,My Louisiana,D-CT-M-LA
Don't Connecticut,My Maine,D-CT-M-ME
Don't Connecticut,My Maryland,D-CT-M-MD
Don't Connecticut,My Massachusetts,D-CT-M-MA
Don't Connecticut,My Michigan,D-CT-M-MI
Don't Connecticut,My Minnesota,D-CT-M-MN
Don't Connecticut,My Mississippi,D-CT-M-MS
Don't Connecticut,My Missouri,D-CT-M-MO
Don't Connecticut,My Montana,D-CT-M-MT
Don't Connecticut,My Nebraska,D-CT-M-NE
Don't Connecticut,My Nevada,D-CT-M-NV
Don't Connecticut,My New Hampshire,D-CT-M-NH
Don't Connecticut,My New Jersey,D-CT-M-NJ
Don't Connecticut,My New Mexico,D-CT-M-NM
Don't Connecticut,My New York,D-CT-M-NY
Don't Connecticut,My North Carolina,D-CT-M-NC
Don't Connecticut,My North Dakota,D-CT-M-ND
Don't Connecticut,My Ohio,D-CT-M-OH
Don't Connecticut,My Oklahoma,D-CT-M-OK
Don't Connecticut,My Oregon,D-CT-M-OR
Don't Connecticut,My Pennsylvania,D-CT-M-PA
Don't Connecticut,My Rhode Island,D-CT-M-RI
Don't Connecticut,My South Carolina,D-CT-M-SC
Don't Connecticut,My South Dakota,D-CT-M-SD
Don't Connecticut,My Tennessee,D-CT-M-TN
Don't Connecticut,My Texas,D-CT-M-TX
Don't Connecticut,My Utah,D-CT-M-UT
Don't Connecticut,My Vermont,D-CT-M-VT
Don't Connecticut,My Virginia,D-CT-M-VA
Don't Connecticut,My Washington,D-CT-M-WA
Don't Connecticut,My West Virginia,D-CT-M-WV
Don't Connecticut,My Wisconsin,D-CT-M-WI
Don't Connecticut,My Wyoming,D-CT-M-WY
Don't Delaware,My Alabama,D-DE-M-AL
Don't Delaware,My Alaska,D-DE-M-AK
Don't Delaware,My Arizona,D-DE-M-AZ
Don't Delaware,My Arkansas,D-DE-M-AR
Don't Delaware,My California,D-DE-M-CA
Don't Delaware,My Colorado,D-DE-M-CO
Don't Delaware,My Connecticut,D-DE-M-CT
Don't Delaware,My Delaware,D-DE-M-DE
Don't Delaware,My Florida,D-DE-M-FL
Don't Delaware,My Georgia,D-DE-M-GA
Don't Delaware,My Hawaii,D-DE-M-HI
Don't Delaware,My Idaho,D-DE-M-ID
Don't Delaware,My Illinois,D-DE-M-IL
Don't Delaware,My Indiana,D-DE-M-IN
Don't Delaware,My Iowa,D-DE-M-IA
Don't Delaware,My Kansas,D-DE-M-KS
Don't Delaware,My Kentucky,D-DE-M-KY
Don't Delaware,My Louisiana,D-DE-M-LA
Don't Delaware,My Maine,D-DE-M-ME
Don't Delaware,My Maryland,D-DE-M-MD
Don't Delaware,My Massachusetts,D-DE-M-MA
Don't Delaware,My Michigan,D-DE-M-MI
Don't Delaware,My Minnesota,D-DE-M-MN
Don't Delaware,My Mississippi,D-DE-M-MS
Don't Delaware,My Missouri,D-DE-M-MO
Don't Delaware,My Montana,D-DE-M-MT
Don't Delaware,My Nebraska,D-DE-M-NE
Don't Delaware,My Nevada,D-DE-M-NV
Don't Delaware,My New Hampshire,D-DE-M-NH
Don't Delaware,My New Jersey,D-DE-M-NJ
Don't Delaware,My New Mexico,D-DE-M-NM
Don't Delaware,My New York,D-DE-M-NY
Don't Delaware,My North Carolina,D-DE-M-NC
Don't Delaware,My North Dakota,D-DE-M-ND
Don't Delaware,My Ohio,D-DE-M-OH
Don't Delaware,My Oklahoma,D-DE-M-OK
Don't Delaware,My Oregon,D-DE-M-OR
Don't Delaware,My Pennsylvania,D-DE-M-PA
Don't Delaware,My Rhode Island,D-DE-M-RI
Don't Delaware,My South Carolina,D-DE-M-SC
Don't Delaware,My South Dakota,D-DE-M-SD
Don't Delaware,My Tennessee,D-DE-M-TN
Don't Delaware,My Texas,D-DE-M-TX
Don't Delaware,My Utah,D-DE-M-UT
Don't Delaware,My Vermont,D-DE-M-VT
Don't Delaware,My Virginia,D-DE-M-VA
Don't Delaware,My Washington,D-DE-M-WA
Don't Delaware,My West Virginia,D-DE-M-WV
Don't Delaware,My Wisconsin,D-DE-M-WI
Don't Delaware,My Wyoming,D-DE-M-WY
Don't Florida,My Alabama,D-FL-M-AL
Don't Florida,My Alaska,D-FL-M-AK
Don't Florida,My Arizona,D-FL-M-AZ
Don't Florida,My Arkansas,D-FL-M-AR
Don't Florida,My California,D-FL-M-CA
Don't Florida,My Colorado,D-FL-M-CO
Don't Florida,My Connecticut,D-FL-M-CT
Don't Florida,My Delaware,D-FL-M-DE
Don't Florida,My Florida,D-FL-M-FL
Don't Florida,My Georgia,D-FL-M-GA
Don't Florida,My Hawaii,D-FL-M-HI
Don't Florida,My Idaho,D-FL-M-ID
Don't Florida,My Illinois,D-FL-M-IL
Don't Florida,My Indiana,D-FL-M-IN
Don't Florida,My Iowa,D-FL-M-IA
Don't Florida,My Kansas,D-FL-M-KS
Don't Florida,My Kentucky,D-FL-M-KY
Don't Florida,My Louisiana,D-FL-M-LA
Don't Florida,My Maine,D-FL-M-ME
Don't Florida,My Maryland,D-FL-M-MD
Don't Florida,My Massachusetts,D-FL-M-MA
Don't Florida,My Michigan,D-FL-M-MI
Don't Florida,My Minnesota,D-FL-M-MN
Don't Florida,My Mississippi,D-FL-M-MS
Don't Florida,My Missouri,D-FL-M-MO
Don't Florida,My Montana,D-FL-M-MT
Don't Florida,My Nebraska,D-FL-M-NE
Don't Florida,My Nevada,D-FL-M-NV
Don't Florida,My New Hampshire,D-FL-M-NH
Don't Florida,My New Jersey,D-FL-M-NJ
Don't Florida,My New Mexico,D-FL-M-NM
Don't Florida,My New York,D-FL-M-NY
Don't Florida,My North Carolina,D-FL-M-NC
Don't Florida,My North Dakota,D-FL-M-ND
Don't Florida,My Ohio,D-FL-M-OH
Don't Florida,My Oklahoma,D-FL-M-OK
Don't Florida,My Oregon,D-FL-M-OR
Don't Florida,My Pennsylvania,D-FL-M-PA
Don't Florida,My Rhode Island,D-FL-M-RI
Don't Florida,My South Carolina,D-FL-M-SC
Don't Florida,My South Dakota,D-FL-M-SD
Don't Florida,My Tennessee,D-FL-M-TN
Don't Florida,My Texas,D-FL-M-TX
Don't Florida,My Utah,D-FL-M-UT
Don't Florida,My Vermont,D-FL-M-VT
Don't Florida,My Virginia,D-FL-M-VA
Don't Florida,My Washington,D-FL-M-WA
Don't Florida,My West Virginia,D-FL-M-WV
Don't Florida,My Wisconsin,D-FL-M-WI
Don't Florida,My Wyoming,D-FL-M-WY
Don't Georgia,My Alabama,D-GA-M-AL
Don't Georgia,My Alaska,D-GA-M-AK
Don't Georgia,My Arizona,D-GA-M-AZ
Don't Georgia,My Arkansas,D-GA-M-AR
Don't Georgia,My California,D-GA-M-CA
Don't Georgia,My Colorado,D-GA-M-CO
Don't Georgia,My Connecticut,D-GA-M-CT
Don't Georgia,My Delaware,D-GA-M-DE
Don't Georgia,My Florida,D-GA-M-FL
Don't Georgia,My Georgia,D-GA-M-GA
Don't Georgia,My Hawaii,D-GA-M-HI
Don't Georgia,My Idaho,D-GA-M-ID
Don't Georgia,My Illinois,D-GA-M-IL
Don't Georgia,My Indiana,D-GA-M-IN
Don't Georgia,My Iowa,D-GA-M-IA
Don't Georgia,My Kansas,D-GA-M-KS
Don't Georgia,My Kentucky,D-GA-M-KY
Don't Georgia,My Louisiana,D-GA-M-LA
Don't Georgia,My Maine,D-GA-M-ME
Don't Georgia,My Maryland,D-GA-M-MD
Don't Georgia,My Massachusetts,D-GA-M-MA
Don't Georgia,My Michigan,D-GA-M-MI
Don't Georgia,My Minnesota,D-GA-M-MN
Don't Georgia,My Mississippi,D-GA-M-MS
Don't Georgia,My Missouri,D-GA-M-MO
Don't Georgia,My Montana,D-GA-M-MT
Don't Georgia,My Nebraska,D-GA-M-NE
Don't Georgia,My Nevada,D-GA-M-NV
Don't Georgia,My New Hampshire,D-GA-M-NH
Don't Georgia,My New Jersey,D-GA-M-NJ
Don't Georgia,My New Mexico,D-GA-M-NM
Don't Georgia,My New York,D-GA-M-NY
Don't Georgia,My North Carolina,D-GA-M-NC
Don't Georgia,My North Dakota,D-GA-M-ND
Don't Georgia,My Ohio,D-GA-M-OH
Don't Georgia,My Oklahoma,D-GA-M-OK
Don't Georgia,My Oregon,D-GA-M-OR
Don't Georgia,My Pennsylvania,D-GA-M-PA
Don't Georgia,My Rhode Island,D-GA-M-RI
Don't Georgia,My South Carolina,D-GA-M-SC
Don't Georgia,My South Dakota,D-GA-M-SD
Don't Georgia,My Tennessee,D-GA-M-TN
Don't Georgia,My Texas,D-GA-M-TX
Don't Georgia,My Utah,D-GA-M-UT
Don't Georgia,My Vermont,D-GA-M-VT
Don't Georgia,My Virginia,D-GA-M-VA
Don't Georgia,My Washington,D-GA-M-WA
Don't Georgia,My West Virginia,D-GA-M-WV
Don't Georgia,My Wisconsin,D-GA-M-WI
Don't Georgia,My Wyoming,D-GA-M-WY
Don't Hawaii,My Alabama,D-HI-M-AL
Don't Hawaii,My Alaska,D-HI-M-AK
Don't Hawaii,My Arizona,D-HI-M-AZ
Don't Hawaii,My Arkansas,D-HI-M-AR
Don't Hawaii,My California,D-HI-M-CA
Don't Hawaii,My Colorado,D-HI-M-CO
Don't Hawaii,My Connecticut,D-HI-M-CT
Don't Hawaii,My Delaware,D-HI-M-DE
Don't Hawaii,My Florida,D-HI-M-FL
Don't Hawaii,My Georgia,D-HI-M-GA
Don't Hawaii,My Hawaii,D-HI-M-HI
Don't Hawaii,My Idaho,D-HI-M-ID
Don't Hawaii,My Illinois,D-HI-M-IL
Don't Hawaii,My Indiana,D-HI-M-IN
Don't Hawaii,My Iowa,D-HI-M-IA
Don't Hawaii,My Kansas,D-HI-M-KS
Don't Hawaii,My Kentucky,D-HI-M-KY
Don't Hawaii,My Louisiana,D-HI-M-LA
Don't Hawaii,My Maine,D-HI-M-ME
Don't Hawaii,My Maryland,D-HI-M-MD
Don't Hawaii,My Massachusetts,D-HI-M-MA
Don't Hawaii,My Michigan,D-HI-M-MI
Don't Hawaii,My Minnesota,D-HI-M-MN
Don't Hawaii,My Mississippi,D-HI-M-MS
Don't Hawaii,My Missouri,D-HI-M-MO
Don't Hawaii,My Montana,D-HI-M-MT
Don't Hawaii,My Nebraska,D-HI-M-NE
Don't Hawaii,My Nevada,D-HI-M-NV
Don't Hawaii,My New Hampshire,D-HI-M-NH
Don't Hawaii,My New Jersey,D-HI-M-NJ
Don't Hawaii,My New Mexico,D-HI-M-NM
Don't Hawaii,My New York,D-HI-M-NY
Don't Hawaii,My North Carolina,D-HI-M-NC
Don't Hawaii,My North Dakota,D-HI-M-ND
Don't Hawaii,My Ohio,D-HI-M-OH
Don't Hawaii,My Oklahoma,D-HI-M-OK
Don't Hawaii,My Oregon,D-HI-M-OR
Don't Hawaii,My Pennsylvania,D-HI-M-PA
Don't Hawaii,My Rhode Island,D-HI-M-RI
Don't Hawaii,My South Carolina,D-HI-M-SC
Don't Hawaii,My South Dakota,D-HI-M-SD
Don't Hawaii,My Tennessee,D-HI-M-TN
Don't Hawaii,My Texas,D-HI-M-TX
Don't Hawaii,My Utah,D-HI-M-UT
Don't Hawaii,My Vermont,D-HI-M-VT
Don't Hawaii,My Virginia,D-HI-M-VA
Don't Hawaii,My Washington,D-HI-M-WA
Don't Hawaii,My West Virginia,D-HI-M-WV
Don't Hawaii,My Wisconsin,D-HI-M-WI
Don't Hawaii,My Wyoming,D-HI-M-WY
Don't Idaho,My Alabama,D-ID-M-AL
Don't Idaho,My Alaska,D-ID-M-AK
Don't Idaho,My Arizona,D-ID-M-AZ
Don't Idaho,My Arkansas,D-ID-M-AR
Don't Idaho,My California,D-ID-M-CA
Don't Idaho,My Colorado,D-ID-M-CO
Don't Idaho,My Connecticut,D-ID-M-CT
Don't Idaho,My Delaware,D-ID-M-DE
Don't Idaho,My Florida,D-ID-M-FL
Don't Idaho,My Georgia,D-ID-M-GA
Don't Idaho,My Hawaii,D-ID-M-HI
Don't Idaho,My Idaho,D-ID-M-ID
Don't Idaho,My Illinois,D-ID-M-IL
Don't Idaho,My Indiana,D-ID-M-IN
Don't Idaho,My Iowa,D-ID-M-IA
Don't Idaho,My Kansas,D-ID-M-KS
Don't Idaho,My Kentucky,D-ID-M-KY
Don't Idaho,My Louisiana,D-ID-M-LA
Don't Idaho,My Maine,D-ID-M-ME
Don't Idaho,My Maryland,D-ID-M-MD
Don't Idaho,My Massachusetts,D-ID-M-MA
Don't Idaho,My Michigan,D-ID-M-MI
Don't Idaho,My Minnesota,D-ID-M-MN
Don't Idaho,My Mississippi,D-ID-M-MS
Don't Idaho,My Missouri,D-ID-M-MO
Don't Idaho,My Montana,D-ID-M-MT
Don't Idaho,My Nebraska,D-ID-M-NE
Don't Idaho,My Nevada,D-ID-M-NV
Don't Idaho,My New Hampshire,D-ID-M-NH
Don't Idaho,My New Jersey,D-ID-M-NJ
Don't Idaho,My New Mexico,D-ID-M-NM
Don't Idaho,My New York,D-ID-M-NY
Don't Idaho,My North Carolina,D-ID-M-NC
Don't Idaho,My North Dakota,D-ID-M-ND
Don't Idaho,My Ohio,D-ID-M-OH
Don't Idaho,My Oklahoma,D-ID-M-OK
Don't Idaho,My Oregon,D-ID-M-OR
Don't Idaho,My Pennsylvania,D-ID-M-PA
Don't Idaho,My Rhode Island,D-ID-M-RI
Don't Idaho,My South Carolina,D-ID-M-SC
Don't Idaho,My South Dakota,D-ID-M-SD
Don't Idaho,My Tennessee,D-ID-M-TN
Don't Idaho,My Texas,D-ID-M-TX
Don't Idaho,My Utah,D-ID-M-UT
Don't Idaho,My Vermont,D-ID-M-VT
Don't Idaho,My Virginia,D-ID-M-VA
Don't Idaho,My Washington,D-ID-M-WA
Don't Idaho,My West Virginia,D-ID-M-WV
Don't Idaho,My Wisconsin,D-ID-M-WI
Don't Idaho,My Wyoming,D-ID-M-WY
Don't Illinois,My Alabama,D-IL-M-AL
Don't Illinois,My Alaska,D-IL-M-AK
Don't Illinois,My Arizona,D-IL-M-AZ
Don't Illinois,My Arkansas,D-IL-M-AR
Don't Illinois,My California,D-IL-M-CA
Don't Illinois,My Colorado,D-IL-M-CO
Don't Illinois,My Connecticut,D-IL-M-CT
Don't Illinois,My Delaware,D-IL-M-DE
Don't Illinois,My Florida,D-IL-M-FL
Don't Illinois,My Georgia,D-IL-M-GA
Don't Illinois,My Hawaii,D-IL-M-HI
Don't Illinois,My Idaho,D-IL-M-ID
Don't Illinois,My Illinois,D-IL-M-IL
Don't Illinois,My Indiana,D-IL-M-IN
Don't Illinois,My Iowa,D-IL-M-IA
Don't Illinois,My Kansas,D-IL-M-KS
Don't Illinois,My Kentucky,D-IL-M-KY
Don't Illinois,My Louisiana,D-IL-M-LA
Don't Illinois,My Maine,D-IL-M-ME
Don't Illinois,My Maryland,D-IL-M-MD
Don't Illinois,My Massachusetts,D-IL-M-MA
Don't Illinois,My Michigan,D-IL-M-MI
Don't Illinois,My Minnesota,D-IL-M-MN
Don't Illinois,My Mississippi,D-IL-M-MS
Don't Illinois,My Missouri,D-IL-M-MO
Don't Illinois,My Montana,D-IL-M-MT
Don't Illinois,My Nebraska,D-IL-M-NE
Don't Illinois,My Nevada,D-IL-M-NV
Don't Illinois,My New Hampshire,D-IL-M-NH
Don't Illinois,My New Jersey,D-IL-M-NJ
Don't Illinois,My New Mexico,D-IL-M-NM
Don't Illinois,My New York,D-IL-M-NY
Don't Illinois,My North Carolina,D-IL-M-NC
Don't Illinois,My North Dakota,D-IL-M-ND
Don't Illinois,My Ohio,D-IL-M-OH
Don't Illinois,My Oklahoma,D-IL-M-OK
Don't Illinois,My Oregon,D-IL-M-OR
Don't Illinois,My Pennsylvania,D-IL-M-PA
Don't Illinois,My Rhode Island,D-IL-M-RI
Don't Illinois,My South Carolina,D-IL-M-SC
Don't Illinois,My South Dakota,D-IL-M-SD
Don't Illinois,My Tennessee,D-IL-M-TN
Don't Illinois,My Texas,D-IL-M-TX
Don't Illinois,My Utah,D-IL-M-UT
Don't Illinois,My Vermont,D-IL-M-VT
Don't Illinois,My Virginia,D-IL-M-VA
Don't Illinois,My Washington,D-IL-M-WA
Don't Illinois,My West Virginia,D-IL-M-WV
Don't Illinois,My Wisconsin,D-IL-M-WI
Don't Illinois,My Wyoming,D-IL-M-WY
Don't Indiana,My Alabama,D-IN-M-AL
Don't Indiana,My Alaska,D-IN-M-AK
Don't Indiana,My Arizona,D-IN-M-AZ
Don't Indiana,My Arkansas,D-IN-M-AR
Don't Indiana,My California,D-IN-M-CA
Don't Indiana,My Colorado,D-IN-M-CO
Don't Indiana,My Connecticut,D-IN-M-CT
Don't Indiana,My Delaware,D-IN-M-DE
Don't Indiana,My Florida,D-IN-M-FL
Don't Indiana,My Georgia,D-IN-M-GA
Don't Indiana,My Hawaii,D-IN-M-HI
Don't Indiana,My Idaho,D-IN-M-ID
Don't Indiana,My Illinois,D-IN-M-IL
Don't Indiana,My Indiana,D-IN-M-IN
Don't Indiana,My Iowa,D-IN-M-IA
Don't Indiana,My Kansas,D-IN-M-KS
Don't Indiana,My Kentucky,D-IN-M-KY
Don't Indiana,My Louisiana,D-IN-M-LA
Don't Indiana,My Maine,D-IN-M-ME
Don't Indiana,My Maryland,D-IN-M-MD
Don't Indiana,My Massachusetts,D-IN-M-MA
Don't Indiana,My Michigan,D-IN-M-MI
Don't Indiana,My Minnesota,D-IN-M-MN
Don't Indiana,My Mississippi,D-IN-M-MS
Don't Indiana,My Missouri,D-IN-M-MO
Don't Indiana,My Montana,D-IN-M-MT
Don't Indiana,My Nebraska,D-IN-M-NE
Don't Indiana,My Nevada,D-IN-M-NV
Don't Indiana,My New Hampshire,D-IN-M-NH
Don't Indiana,My New Jersey,D-IN-M-NJ
Don't Indiana,My New Mexico,D-IN-M-NM
Don't Indiana,My New York,D-IN-M-NY
Don't Indiana,My North Carolina,D-IN-M-NC
Don't Indiana,My North Dakota,D-IN-M-ND
Don't Indiana,My Ohio,D-IN-M-OH
Don't Indiana,My Oklahoma,D-IN-M-OK
Don't Indiana,My Oregon,D-IN-M-OR
Don't Indiana,My Pennsylvania,D-IN-M-PA
Don't Indiana,My Rhode Island,D-IN-M-RI
Don't Indiana,My South Carolina,D-IN-M-SC
Don't Indiana,My South Dakota,D-IN-M-SD
Don't Indiana,My Tennessee,D-IN-M-TN
Don't Indiana,My Texas,D-IN-M-TX
Don't Indiana,My Utah,D-IN-M-UT
Don't Indiana,My Vermont,D-IN-M-VT
Don't Indiana,My Virginia,D-IN-M-VA
Don't Indiana,My Washington,D-IN-M-WA
Don't Indiana,My West Virginia,D-IN-M-WV
Don't Indiana,My Wisconsin,D-IN-M-WI
Don't Indiana,My Wyoming,D-IN-M-WY
Don't Iowa,My Alabama,D-IA-M-AL
Don't Iowa,My Alaska,D-IA-M-AK
Don't Iowa,My Arizona,D-IA-M-AZ
Don't Iowa,My Arkansas,D-IA-M-AR
Don't Iowa,My California,D-IA-M-CA
Don't Iowa,My Colorado,D-IA-M-CO
Don't Iowa,My Connecticut,D-IA-M-CT
Don't Iowa,My Delaware,D-IA-M-DE
Don't Iowa,My Florida,D-IA-M-FL
Don't Iowa,My Georgia,D-IA-M-GA
Don't Iowa,My Hawaii,D-IA-M-HI
Don't Iowa,My Idaho,D-IA-M-ID
Don't Iowa,My Illinois,D-IA-M-IL
Don't Iowa,My Indiana,D-IA-M-IN
Don't Iowa,My Iowa,D-IA-M-IA
Don't Iowa,My Kansas,D-IA-M-KS
Don't Iowa,My Kentucky,D-IA-M-KY
Don't Iowa,My Louisiana,D-IA-M-LA
Don't Iowa,My Maine,D-IA-M-ME
Don't Iowa,My Maryland,D-IA-M-MD
Don't Iowa,My Massachusetts,D-IA-M-MA
Don't Iowa,My Michigan,D-IA-M-MI
Don't Iowa,My Minnesota,D-IA-M-MN
Don't Iowa,My Mississippi,D-IA-M-MS
Don't Iowa,My Missouri,D-IA-M-MO
Don't Iowa,My Montana,D-IA-M-MT
Don't Iowa,My Nebraska,D-IA-M-NE
Don't Iowa,My Nevada,D-IA-M-NV
Don't Iowa,My New Hampshire,D-IA-M-NH
Don't Iowa,My New Jersey,D-IA-M-NJ
Don't Iowa,My New Mexico,D-IA-M-NM
Don't Iowa,My New York,D-IA-M-NY
Don't Iowa,My North Carolina,D-IA-M-NC
Don't Iowa,My North Dakota,D-IA-M-ND
Don't Iowa,My Ohio,D-IA-M-OH
Don't Iowa,My Oklahoma,D-IA-M-OK
Don't Iowa,My Oregon,D-IA-M-OR
Don't Iowa,My Pennsylvania,D-IA-M-PA
Don't Iowa,My Rhode Island,D-IA-M-RI
Don't Iowa,My South Carolina,D-IA-M-SC
Don't Iowa,My South Dakota,D-IA-M-SD
Don't Iowa,My Tennessee,D-IA-M-TN
Don't Iowa,My Texas,D-IA-M-TX
Don't Iowa,My Utah,D-IA-M-UT
Don't Iowa,My Vermont,D-IA-M-VT
Don't Iowa,My Virginia,D-IA-M-VA
Don't Iowa,My Washington,D-IA-M-WA
Don't Iowa,My West Virginia,D-IA-M-WV
Don't Iowa,My Wisconsin,D-IA-M-WI
Don't Iowa,My Wyoming,D-IA-M-WY
Don't Kansas,My Alabama,D-KS-M-AL
Don't Kansas,My Alaska,D-KS-M-AK
Don't Kansas,My Arizona,D-KS-M-AZ
Don't Kansas,My Arkansas,D-KS-M-AR
Don't Kansas,My California,D-KS-M-CA
Don't Kansas,My Colorado,D-KS-M-CO
Don't Kansas,My Connecticut,D-KS-M-CT
Don't Kansas,My Delaware,D-KS-M-DE
Don't Kansas,My Florida,D-KS-M-FL
Don't Kansas,My Georgia,D-KS-M-GA
Don't Kansas,My Hawaii,D-KS-M-HI
Don't Kansas,My Idaho,D-KS-M-ID
Don't Kansas,My Illinois,D-KS-M-IL
Don't Kansas,My Indiana,D-KS-M-IN
Don't Kansas,My Iowa,D-KS-M-IA
Don't Kansas,My Kansas,D-KS-M-KS
Don't Kansas,My Kentucky,D-KS-M-KY
Don't Kansas,My Louisiana,D-KS-M-LA
Don't Kansas,My Maine,D-KS-M-ME
Don't Kansas,My Maryland,D-KS-M-MD
Don't Kansas,My Massachusetts,D-KS-M-MA
Don't Kansas,My Michigan,D-KS-M-MI
Don't Kansas,My Minnesota,D-KS-M-MN
Don't Kansas,My Mississippi,D-KS-M-MS
Don't Kansas,My Missouri,D-KS-M-MO
Don't Kansas,My Montana,D-KS-M-MT
Don't Kansas,My Nebraska,D-KS-M-NE
Don't Kansas,My Nevada,D-KS-M-NV
Don't Kansas,My New Hampshire,D-KS-M-NH
Don't Kansas,My New Jersey,D-KS-M-NJ
Don't Kansas,My New Mexico,D-KS-M-NM
Don't Kansas,My New York,D-KS-M-NY
Don't Kansas,My North Carolina,D-KS-M-NC
Don't Kansas,My North Dakota,D-KS-M-ND
Don't Kansas,My Ohio,D-KS-M-OH
Don't Kansas,My Oklahoma,D-KS-M-OK
Don't Kansas,My Oregon,D-KS-M-OR
Don't Kansas,My Pennsylvania,D-KS-M-PA
Don't Kansas,My Rhode Island,D-KS-M-RI
Don't Kansas,My South Carolina,D-KS-M-SC
Don't Kansas,My South Dakota,D-KS-M-SD
Don't Kansas,My Tennessee,D-KS-M-TN
Don't Kansas,My Texas,D-KS-M-TX
Don't Kansas,My Utah,D-KS-M-UT
Don't Kansas,My Vermont,D-KS-M-VT
Don't Kansas,My Virginia,D-KS-M-VA
Don't Kansas,My Washington,D-KS-M-WA
Don't Kansas,My West Virginia,D-KS-M-WV
Don't Kansas,My Wisconsin,D-KS-M-WI
Don't Kansas,My Wyoming,D-KS-M-WY
Don't Kentucky,My Alabama,D-KY-M-AL
Don't Kentucky,My Alaska,D-KY-M-AK
Don't Kentucky,My Arizona,D-KY-M-AZ
Don't Kentucky,My Arkansas,D-KY-M-AR
Don't Kentucky,My California,D-KY-M-CA
Don't Kentucky,My Colorado,D-KY-M-CO
Don't Kentucky,My Connecticut,D-KY-M-CT
Don't Kentucky,My Delaware,D-KY-M-DE
Don't Kentucky,My Florida,D-KY-M-FL
Don't Kentucky,My Georgia,D-KY-M-GA
Don't Kentucky,My Hawaii,D-KY-M-HI
Don't Kentucky,My Idaho,D-KY-M-ID
Don't Kentucky,My Illinois,D-KY-M-IL
Don't Kentucky,My Indiana,D-KY-M-IN
Don't Kentucky,My Iowa,D-KY-M-IA
Don't Kentucky,My Kansas,D-KY-M-KS
Don't Kentucky,My Kentucky,D-KY-M-KY
Don't Kentucky,My Louisiana,D-KY-M-LA
Don't Kentucky,My Maine,D-KY-M-ME
Don't Kentucky,My Maryland,D-KY-M-MD
Don't Kentucky,My Massachusetts,D-KY-M-MA
Don't Kentucky,My Michigan,D-KY-M-MI
Don't Kentucky,My Minnesota,D-KY-M-MN
Don't Kentucky,My Mississippi,D-KY-M-MS
Don't Kentucky,My Missouri,D-KY-M-MO
Don't Kentucky,My Montana,D-KY-M-MT
Don't Kentucky,My Nebraska,D-KY-M-NE
Don't Kentucky,My Nevada,D-KY-M-NV
Don't Kentucky,My New Hampshire,D-KY-M-NH
Don't Kentucky,My New Jersey,D-KY-M-NJ
Don't Kentucky,My New Mexico,D-KY-M-NM
Don't Kentucky,My New York,D-KY-M-NY
Don't Kentucky,My North Carolina,D-KY-M-NC
Don't Kentucky,My North Dakota,D-KY-M-ND
Don't Kentucky,My Ohio,D-KY-M-OH
Don't Kentucky,My Oklahoma,D-KY-M-OK
Don't Kentucky,My Oregon,D-KY-M-OR
Don't Kentucky,My Pennsylvania,D-KY-M-PA
Don't Kentucky,My Rhode Island,D-KY-M-RI
Don't Kentucky,My South Carolina,D-KY-M-SC
Don't Kentucky,My South Dakota,D-KY-M-SD
Don't Kentucky,My Tennessee,D-KY-M-TN
Don't Kentucky,My Texas,D-KY-M-TX
Don't Kentucky,My Utah,D-KY-M-UT
Don't Kentucky,My Vermont,D-KY-M-VT
Don't Kentucky,My Virginia,D-KY-M-VA
Don't Kentucky,My Washington,D-KY-M-WA
Don't Kentucky,My West Virginia,D-KY-M-WV
Don't Kentucky,My Wisconsin,D-KY-M-WI
Don't Kentucky,My Wyoming,D-KY-M-WY
Don't Louisiana,My Alabama,D-LA-M-AL
Don't Louisiana,My Alaska,D-LA-M-AK
Don't Louisiana,My Arizona,D-LA-M-AZ
Don't Louisiana,My Arkansas,D-LA-M-AR
Don't Louisiana,My California,D-LA-M-CA
Don't Louisiana,My Colorado,D-LA-M-CO
Don't Louisiana,My Connecticut,D-LA-M-CT
Don't Louisiana,My Delaware,D-LA-M-DE
Don't Louisiana,My Florida,D-LA-M-FL
Don't Louisiana,My Georgia,D-LA-M-GA
Don't Louisiana,My Hawaii,D-LA-M-HI
Don't Louisiana,My Idaho,D-LA-M-ID
Don't Louisiana,My Illinois,D-LA-M-IL
Don't Louisiana,My Indiana,D-LA-M-IN
Don't Louisiana,My Iowa,D-LA-M-IA
Don't Louisiana,My Kansas,D-LA-M-KS
Don't Louisiana,My Kentucky,D-LA-M-KY
Don't Louisiana,My Louisiana,D-LA-M-LA
Don't Louisiana,My Maine,D-LA-M-ME
Don't Louisiana,My Maryland,D-LA-M-MD
Don't Louisiana,My Massachusetts,D-LA-M-MA
Don't Louisiana,My Michigan,D-LA-M-MI
Don't Louisiana,My Minnesota,D-LA-M-MN
Don't Louisiana,My Mississippi,D-LA-M-MS
Don't Louisiana,My Missouri,D-LA-M-MO
Don't Louisiana,My Montana,D-LA-M-MT
Don't Louisiana,My Nebraska,D-LA-M-NE
Don't Louisiana,My Nevada,D-LA-M-NV
Don't Louisiana,My New Hampshire,D-LA-M-NH
Don't Louisiana,My New Jersey,D-LA-M-NJ
Don't Louisiana,My New Mexico,D-LA-M-NM
Don't Louisiana,My New York,D-LA-M-NY
Don't Louisiana,My North Carolina,D-LA-M-NC
Don't Louisiana,My North Dakota,D-LA-M-ND
Don't Louisiana,My Ohio,D-LA-M-OH
Don't Louisiana,My Oklahoma,D-LA-M-OK
Don't Louisiana,My Oregon,D-LA-M-OR
Don't Louisiana,My Pennsylvania,D-LA-M-PA
Don't Louisiana,My Rhode Island,D-LA-M-RI
Don't Louisiana,My South Carolina,D-LA-M-SC
Don't Louisiana,My South Dakota,D-LA-M-SD
Don't Louisiana,My Tennessee,D-LA-M-TN
Don't Louisiana,My Texas,D-LA-M-TX
Don't Louisiana,My Utah,D-LA-M-UT
Don't Louisiana,My Vermont,D-LA-M-VT
Don't Louisiana,My Virginia,D-LA-M-VA
Don't Louisiana,My Washington,D-LA-M-WA
Don't Louisiana,My West Virginia,D-LA-M-WV
Don't Louisiana,My Wisconsin,D-LA-M-WI
Don't Louisiana,My Wyoming,D-LA-M-WY
Don't Maine,My Alabama,D-ME-M-AL
Don't Maine,My Alaska,D-ME-M-AK
Don't Maine,My Arizona,D-ME-M-AZ
Don't Maine,My Arkansas,D-ME-M-AR
Don't Maine,My California,D-ME-M-CA
Don't Maine,My Colorado,D-ME-M-CO
Don't Maine,My Connecticut,D-ME-M-CT
Don't Maine,My Delaware,D-ME-M-DE
Don't Maine,My Florida,D-ME-M-FL
Don't Maine,My Georgia,D-ME-M-GA
Don't Maine,My Hawaii,D-ME-M-HI
Don't Maine,My Idaho,D-ME-M-ID
Don't Maine,My Illinois,D-ME-M-IL
Don't Maine,My Indiana,D-ME-M-IN
Don't Maine,My Iowa,D-ME-M-IA
Don't Maine,My Kansas,D-ME-M-KS
Don't Maine,My Kentucky,D-ME-M-KY
Don't Maine,My Louisiana,D-ME-M-LA
Don't Maine,My Maine,D-ME-M-ME
Don't Maine,My Maryland,D-ME-M-MD
Don't Maine,My Massachusetts,D-ME-M-MA
Don't Maine,My Michigan,D-ME-M-MI
Don't Maine,My Minnesota,D-ME-M-MN
Don't Maine,My Mississippi,D-ME-M-MS
Don't Maine,My Missouri,D-ME-M-MO
Don't Maine,My Montana,D-ME-M-MT
Don't Maine,My Nebraska,D-ME-M-NE
Don't Maine,My Nevada,D-ME-M-NV
Don't Maine,My New Hampshire,D-ME-M-NH
Don't Maine,My New Jersey,D-ME-M-NJ
Don't Maine,My New Mexico,D-ME-M-NM
Don't Maine,My New York,D-ME-M-NY
Don't Maine,My North Carolina,D-ME-M-NC
Don't Maine,My North Dakota,D-ME-M-ND
Don't Maine,My Ohio,D-ME-M-OH
Don't Maine,My Oklahoma,D-ME-M-OK
Don't Maine,My Oregon,D-ME-M-OR
Don't Maine,My Pennsylvania,D-ME-M-PA
Don't Maine,My Rhode Island,D-ME-M-RI
Don't Maine,My South Carolina,D-ME-M-SC
Don't Maine,My South Dakota,D-ME-M-SD
Don't Maine,My Tennessee,D-ME-M-TN
Don't Maine,My Texas,D-ME-M-TX
Don't Maine,My Utah,D-ME-M-UT
Don't Maine,My Vermont,D-ME-M-VT
Don't Maine,My Virginia,D-ME-M-VA
Don't Maine,My Washington,D-ME-M-WA
Don't Maine,My West Virginia,D-ME-M-WV
Don't Maine,My Wisconsin,D-ME-M-WI
Don't Maine,My Wyoming,D-ME-M-WY
Don't Maryland,My Alabama,D-MD-M-AL
Don't Maryland,My Alaska,D-MD-M-AK
Don't Maryland,My Arizona,D-MD-M-AZ
Don't Maryland,My Arkansas,D-MD-M-AR
Don't Maryland,My California,D-MD-M-CA
Don't Maryland,My Colorado,D-MD-M-CO
Don't Maryland,My Connecticut,D-MD-M-CT
Don't Maryland,My Delaware,D-MD-M-DE
Don't Maryland,My Florida,D-MD-M-FL
Don't Maryland,My Georgia,D-MD-M-GA
Don't Maryland,My Hawaii,D-MD-M-HI
Don't Maryland,My Idaho,D-MD-M-ID
Don't Maryland,My Illinois,D-MD-M-IL
Don't Maryland,My Indiana,D-MD-M-IN
Don't Maryland,My Iowa,D-MD-M-IA
Don't Maryland,My Kansas,D-MD-M-KS
Don't Maryland,My Kentucky,D-MD-M-KY
Don't Maryland,My Louisiana,D-MD-M-LA
Don't Maryland,My Maine,D-MD-M-ME
Don't Maryland,My Maryland,D-MD-M-MD
Don't Maryland,My Massachusetts,D-MD-M-MA
Don't Maryland,My Michigan,D-MD-M-MI
Don't Maryland,My Minnesota,D-MD-M-MN
Don't Maryland,My Mississippi,D-MD-M-MS
Don't Maryland,My Missouri,D-MD-M-MO
Don't Maryland,My Montana,D-MD-M-MT
Don't Maryland,My Nebraska,D-MD-M-NE
Don't Maryland,My Nevada,D-MD-M-NV
Don't Maryland,My New Hampshire,D-MD-M-NH
Don't Maryland,My New Jersey,D-MD-M-NJ
Don't Maryland,My New Mexico,D-MD-M-NM
Don't Maryland,My New York,D-MD-M-NY
Don't Maryland,My North Carolina,D-MD-M-NC
Don't Maryland,My North Dakota,D-MD-M-ND
Don't Maryland,My Ohio,D-MD-M-OH
Don't Maryland,My Oklahoma,D-MD-M-OK
Don't Maryland,My Oregon,D-MD-M-OR
Don't Maryland,My Pennsylvania,D-MD-M-PA
Don't Maryland,My Rhode Island,D-MD-M-RI
Don't Maryland,My South Carolina,D-MD-M-SC
Don't Maryland,My South Dakota,D-MD-M-SD
Don't Maryland,My Tennessee,D-MD-M-TN
Don't Maryland,My Texas,D-MD-M-TX
Don't Maryland,My Utah,D-MD-M-UT
Don't Maryland,My Vermont,D-MD-M-VT
Don't Maryland,My Virginia,D-MD-M-VA
Don't Maryland,My Washington,D-MD-M-WA
Don't Maryland,My West Virginia,D-MD-M-WV
Don't Maryland,My Wisconsin,D-MD-M-WI
Don't Maryland,My Wyoming,D-MD-M-WY
Don't Massachusetts,My Alabama,D-MA-M-AL
Don't Massachusetts,My Alaska,D-MA-M-AK
Don't Massachusetts,My Arizona,D-MA-M-AZ
Don't Massachusetts,My Arkansas,D-MA-M-AR
Don't Massachusetts,My California,D-MA-M-CA
Don't Massachusetts,My Colorado,D-MA-M-CO
Don't Massachusetts,My Connecticut,D-MA-M-CT
Don't Massachusetts,My Delaware,D-MA-M-DE
Don't Massachusetts,My Florida,D-MA-M-FL
Don't Massachusetts,My Georgia,D-MA-M-GA
Don't Massachusetts,My Hawaii,D-MA-M-HI
Don't Massachusetts,My Idaho,D-MA-M-ID
Don't Massachusetts,My Illinois,D-MA-M-IL
Don't Massachusetts,My Indiana,D-MA-M-IN
Don't Massachusetts,My Iowa,D-MA-M-IA
Don't Massachusetts,My Kansas,D-MA-M-KS
Don't Massachusetts,My Kentucky,D-MA-M-KY
Don't Massachusetts,My Louisiana,D-MA-M-LA
Don't Massachusetts,My Maine,D-MA-M-ME
Don't Massachusetts,My Maryland,D-MA-M-MD
Don't Massachusetts,My Massachusetts,D-MA-M-MA
Don't Massachusetts,My Michigan,D-MA-M-MI
Don't Massachusetts,My Minnesota,D-MA-M-MN
Don't Massachusetts,My Mississippi,D-MA-M-MS
Don't Massachusetts,My Missouri,D-MA-M-MO
Don't Massachusetts,My Montana,D-MA-M-MT
Don't Massachusetts,My Nebraska,D-MA-M-NE
Don't Massachusetts,My Nevada,D-MA-M-NV
Don't Massachusetts,My New Hampshire,D-MA-M-NH
Don't Massachusetts,My New Jersey,D-MA-M-NJ
Don't Massachusetts,My New Mexico,D-MA-M-NM
Don't Massachusetts,My New York,D-MA-M-NY
Don't Massachusetts,My North Carolina,D-MA-M-NC
Don't Massachusetts,My North Dakota,D-MA-M-ND
Don't Massachusetts,My Ohio,D-MA-M-OH
Don't Massachusetts,My Oklahoma,D-MA-M-OK
Don't Massachusetts,My Oregon,D-MA-M-OR
Don't Massachusetts,My Pennsylvania,D-MA-M-PA
Don't Massachusetts,My Rhode Island,D-MA-M-RI
Don't Massachusetts,My South Carolina,D-MA-M-SC
Don't Massachusetts,My South Dakota,D-MA-M-SD
Don't Massachusetts,My Tennessee,D-MA-M-TN
Don't Massachusetts,My Texas,D-MA-M-TX
Don't Massachusetts,My Utah,D-MA-M-UT
Don't Massachusetts,My Vermont,D-MA-M-VT
Don't Massachusetts,My Virginia,D-MA-M-VA
Don't Massachusetts,My Washington,D-MA-M-WA
Don't Massachusetts,My West Virginia,D-MA-M-WV
Don't Massachusetts,My Wisconsin,D-MA-M-WI
Don't Massachusetts,My Wyoming,D-MA-M-WY
Don't Michigan,My Alabama,D-MI-M-AL
Don't Michigan,My Alaska,D-MI-M-AK
Don't Michigan,My Arizona,D-MI-M-AZ
Don't Michigan,My Arkansas,D-MI-M-AR
Don't Michigan,My California,D-MI-M-CA
Don't Michigan,My Colorado,D-MI-M-CO
Don't Michigan,My Connecticut,D-MI-M-CT
Don't Michigan,My Delaware,D-MI-M-DE
Don't Michigan,My Florida,D-MI-M-FL
Don't Michigan,My Georgia,D-MI-M-GA
Don't Michigan,My Hawaii,D-MI-M-HI
Don't Michigan,My Idaho,D-MI-M-ID
Don't Michigan,My Illinois,D-MI-M-IL
Don't Michigan,My Indiana,D-MI-M-IN
Don't Michigan,My Iowa,D-MI-M-IA
Don't Michigan,My Kansas,D-MI-M-KS
Don't Michigan,My Kentucky,D-MI-M-KY
Don't Michigan,My Louisiana,D-MI-M-LA
Don't Michigan,My Maine,D-MI-M-ME
Don't Michigan,My Maryland,D-MI-M-MD
Don't Michigan,My Massachusetts,D-MI-M-MA
Don't Michigan,My Michigan,D-MI-M-MI
Don't Michigan,My Minnesota,D-MI-M-MN
Don't Michigan,My Mississippi,D-MI-M-MS
Don't Michigan,My Missouri,D-MI-M-MO
Don't Michigan,My Montana,D-MI-M-MT
Don't Michigan,My Nebraska,D-MI-M-NE
Don't Michigan,My Nevada,D-MI-M-NV
Don't Michigan,My New Hampshire,D-MI-M-NH
Don't Michigan,My New Jersey,D-MI-M-NJ
Don't Michigan,My New Mexico,D-MI-M-NM
Don't Michigan,My New York,D-MI-M-NY
Don't Michigan,My North Carolina,D-MI-M-NC
Don't Michigan,My North Dakota,D-MI-M-ND
Don't Michigan,My Ohio,D-MI-M-OH
Don't Michigan,My Oklahoma,D-MI-M-OK
Don't Michigan,My Oregon,D-MI-M-OR
Don't Michigan,My Pennsylvania,D-MI-M-PA
Don't Michigan,My Rhode Island,D-MI-M-RI
Don't Michigan,My South Carolina,D-MI-M-SC
Don't Michigan,My South Dakota,D-MI-M-SD
Don't Michigan,My Tennessee,D-MI-M-TN
Don't Michigan,My Texas,D-MI-M-TX
Don't Michigan,My Utah,D-MI-M-UT
Don't Michigan,My Vermont,D-MI-M-VT
Don't Michigan,My Virginia,D-MI-M-VA
Don't Michigan,My Washington,D-MI-M-WA
Don't Michigan,My West Virginia,D-MI-M-WV
Don't Michigan,My Wisconsin,D-MI-M-WI
Don't Michigan,My Wyoming,D-MI-M-WY
Don't Minnesota,My Alabama,D-MN-M-AL
Don't Minnesota,My Alaska,D-MN-M-AK
Don't Minnesota,My Arizona,D-MN-M-AZ
Don't Minnesota,My Arkansas,D-MN-M-AR
Don't Minnesota,My California,D-MN-M-CA
Don't Minnesota,My Colorado,D-MN-M-CO
Don't Minnesota,My Connecticut,D-MN-M-CT
Don't Minnesota,My Delaware,D-MN-M-DE
Don't Minnesota,My Florida,D-MN-M-FL
Don't Minnesota,My Georgia,D-MN-M-GA
Don't Minnesota,My Hawaii,D-MN-M-HI
Don't Minnesota,My Idaho,D-MN-M-ID
Don't Minnesota,My Illinois,D-MN-M-IL
Don't Minnesota,My Indiana,D-MN-M-IN
Don't Minnesota,My Iowa,D-MN-M-IA
Don't Minnesota,My Kansas,D-MN-M-KS
Don't Minnesota,My Kentucky,D-MN-M-KY
Don't Minnesota,My Louisiana,D-MN-M-LA
Don't Minnesota,My Maine,D-MN-M-ME
Don't Minnesota,My Maryland,D-MN-M-MD
Don't Minnesota,My Massachusetts,D-MN-M-MA
Don't Minnesota,My Michigan,D-MN-M-MI
Don't Minnesota,My Minnesota,D-MN-M-MN
Don't Minnesota,My Mississippi,D-MN-M-MS
Don't Minnesota,My Missouri,D-MN-M-MO
Don't Minnesota,My Montana,D-MN-M-MT
Don't Minnesota,My Nebraska,D-MN-M-NE
Don't Minnesota,My Nevada,D-MN-M-NV
Don't Minnesota,My New Hampshire,D-MN-M-NH
Don't Minnesota,My New Jersey,D-MN-M-NJ
Don't Minnesota,My New Mexico,D-MN-M-NM
Don't Minnesota,My New York,D-MN-M-NY
Don't Minnesota,My North Carolina,D-MN-M-NC
Don't Minnesota,My North Dakota,D-MN-M-ND
Don't Minnesota,My Ohio,D-MN-M-OH
Don't Minnesota,My Oklahoma,D-MN-M-OK
Don't Minnesota,My Oregon,D-MN-M-OR
Don't Minnesota,My Pennsylvania,D-MN-M-PA
Don't Minnesota,My Rhode Island,D-MN-M-RI
Don't Minnesota,My South Carolina,D-MN-M-SC
Don't Minnesota,My South Dakota,D-MN-M-SD
Don't Minnesota,My Tennessee,D-MN-M-TN
Don't Minnesota,My Texas,D-MN-M-TX
Don't Minnesota,My Utah,D-MN-M-UT
Don't Minnesota,My Vermont,D-MN-M-VT
Don't Minnesota,My Virginia,D-MN-M-VA
Don't Minnesota,My Washington,D-MN-M-WA
Don't Minnesota,My West Virginia,D-MN-M-WV
Don't Minnesota,My Wisconsin,D-MN-M-WI
Don't Minnesota,My Wyoming,D-MN-M-WY
Don't Mississippi,My Alabama,D-MS-M-AL
Don't Mississippi,My Alaska,D-MS-M-AK
Don't Mississippi,My Arizona,D-MS-M-AZ
Don't Mississippi,My Arkansas,D-MS-M-AR
Don't Mississippi,My California,D-MS-M-CA
Don't Mississippi,My Colorado,D-MS-M-CO
Don't Mississippi,My Connecticut,D-MS-M-CT
Don't Mississippi,My Delaware,D-MS-M-DE
Don't Mississippi,My Florida,D-MS-M-FL
Don't Mississippi,My Georgia,D-MS-M-GA
Don't Mississippi,My Hawaii,D-MS-M-HI
Don't Mississippi,My Idaho,D-MS-M-ID
Don't Mississippi,My Illinois,D-MS-M-IL
Don't Mississippi,My Indiana,D-MS-M-IN
Don't Mississippi,My Iowa,D-MS-M-IA
Don't Mississippi,My Kansas,D-MS-M-KS
Don't Mississippi,My Kentucky,D-MS-M-KY
Don't Mississippi,My Louisiana,D-MS-M-LA
Don't Mississippi,My Maine,D-MS-M-ME
Don't Mississippi,My Maryland,D-MS-M-MD
Don't Mississippi,My Massachusetts,D-MS-M-MA
Don't Mississippi,My Michigan,D-MS-M-MI
Don't Mississippi,My Minnesota,D-MS-M-MN
Don't Mississippi,My Mississippi,D-MS-M-MS
Don't Mississippi,My Missouri,D-MS-M-MO
Don't Mississippi,My Montana,D-MS-M-MT
Don't Mississippi,My Nebraska,D-MS-M-NE
Don't Mississippi,My Nevada,D-MS-M-NV
Don't Mississippi,My New Hampshire,D-MS-M-NH
Don't Mississippi,My New Jersey,D-MS-M-NJ
Don't Mississippi,My New Mexico,D-MS-M-NM
Don't Mississippi,My New York,D-MS-M-NY
Don't Mississippi,My North Carolina,D-MS-M-NC
Don't Mississippi,My North Dakota,D-MS-M-ND
Don't Mississippi,My Ohio,D-MS-M-OH
Don't Mississippi,My Oklahoma,D-MS-M-OK
Don't Mississippi,My Oregon,D-MS-M-OR
Don't Mississippi,My Pennsylvania,D-MS-M-PA
Don't Mississippi,My Rhode Island,D-MS-M-RI
Don't Mississippi,My South Carolina,D-MS-M-SC
Don't Mississippi,My South Dakota,D-MS-M-SD
Don't Mississippi,My Tennessee,D-MS-M-TN
Don't Mississippi,My Texas,D-MS-M-TX
Don't Mississippi,My Utah,D-MS-M-UT
Don't Mississippi,My Vermont,D-MS-M-VT
Don't Mississippi,My Virginia,D-MS-M-VA
Don't Mississippi,My Washington,D-MS-M-WA
Don't Mississippi,My West Virginia,D-MS-M-WV
Don't Mississippi,My Wisconsin,D-MS-M-WI
Don't Mississippi,My Wyoming,D-MS-M-WY
Don't Missouri,My Alabama,D-MO-M-AL
Don't Missouri,My Alaska,D-MO-M-AK
Don't Missouri,My Arizona,D-MO-M-AZ
Don't Missouri,My Arkansas,D-MO-M-AR
Don't Missouri,My California,D-MO-M-CA
Don't Missouri,My Colorado,D-MO-M-CO
Don't Missouri,My Connecticut,D-MO-M-CT
Don't Missouri,My Delaware,D-MO-M-DE
Don't Missouri,My Florida,D-MO-M-FL
Don't Missouri,My Georgia,D-MO-M-GA
Don't Missouri,My Hawaii,D-MO-M-HI
Don't Missouri,My Idaho,D-MO-M-ID
Don't Missouri,My Illinois,D-MO-M-IL
Don't Missouri,My Indiana,D-MO-M-IN
Don't Missouri,My Iowa,D-MO-M-IA
Don't Missouri,My Kansas,D-MO-M-KS
Don't Missouri,My Kentucky,D-MO-M-KY
Don't Missouri,My Louisiana,D-MO-M-LA
Don't Missouri,My Maine,D-MO-M-ME
Don't Missouri,My Maryland,D-MO-M-MD
Don't Missouri,My Massachusetts,D-MO-M-MA
Don't Missouri,My Michigan,D-MO-M-MI
Don't Missouri,My Minnesota,D-MO-M-MN
Don't Missouri,My Mississippi,D-MO-M-MS
Don't Missouri,My Missouri,D-MO-M-MO
Don't Missouri,My Montana,D-MO-M-MT
Don't Missouri,My Nebraska,D-MO-M-NE
Don't Missouri,My Nevada,D-MO-M-NV
Don't Missouri,My New Hampshire,D-MO-M-NH
Don't Missouri,My New Jersey,D-MO-M-NJ
Don't Missouri,My New Mexico,D-MO-M-NM
Don't Missouri,My New York,D-MO-M-NY
Don't Missouri,My North Carolina,D-MO-M-NC
Don't Missouri,My North Dakota,D-MO-M-ND
Don't Missouri,My Ohio,D-MO-M-OH
Don't Missouri,My Oklahoma,D-MO-M-OK
Don't Missouri,My Oregon,D-MO-M-OR
Don't Missouri,My Pennsylvania,D-MO-M-PA
Don't Missouri,My Rhode Island,D-MO-M-RI
Don't Missouri,My South Carolina,D-MO-M-SC
Don't Missouri,My South Dakota,D-MO-M-SD
Don't Missouri,My Tennessee,D-MO-M-TN
Don't Missouri,My Texas,D-MO-M-TX
Don't Missouri,My Utah,D-MO-M-UT
Don't Missouri,My Vermont,D-MO-M-VT
Don't Missouri,My Virginia,D-MO-M-VA
Don't Missouri,My Washington,D-MO-M-WA
Don't Missouri,My West Virginia,D-MO-M-WV
Don't Missouri,My Wisconsin,D-MO-M-WI
Don't Missouri,My Wyoming,D-MO-M-WY
Don't Montana,My Alabama,D-MT-M-AL
Don't Montana,My Alaska,D-MT-M-AK
Don't Montana,My Arizona,D-MT-M-AZ
Don't Montana,My Arkansas,D-MT-M-AR
Don't Montana,My California,D-MT-M-CA
Don't Montana,My Colorado,D-MT-M-CO
Don't Montana,My Connecticut,D-MT-M-CT
Don't Montana,My Delaware,D-MT-M-DE
Don't Montana,My Florida,D-MT-M-FL
Don't Montana,My Georgia,D-MT-M-GA
Don't Montana,My Hawaii,D-MT-M-HI
Don't Montana,My Idaho,D-MT-M-ID
Don't Montana,My Illinois,D-MT-M-IL
Don't Montana,My Indiana,D-MT-M-IN
Don't Montana,My Iowa,D-MT-M-IA
Don't Montana,My Kansas,D-MT-M-KS
Don't Montana,My Kentucky,D-MT-M-KY
Don't Montana,My Louisiana,D-MT-M-LA
Don't Montana,My Maine,D-MT-M-ME
Don't Montana,My Maryland,D-MT-M-MD
Don't Montana,My Massachusetts,D-MT-M-MA
Don't Montana,My Michigan,D-MT-M-MI
Don't Montana,My Minnesota,D-MT-M-MN
Don't Montana,My Mississippi,D-MT-M-MS
Don't Montana,My Missouri,D-MT-M-MO
Don't Montana,My Montana,D-MT-M-MT
Don't Montana,My Nebraska,D-MT-M-NE
Don't Montana,My Nevada,D-MT-M-NV
Don't Montana,My New Hampshire,D-MT-M-NH
Don't Montana,My New Jersey,D-MT-M-NJ
Don't Montana,My New Mexico,D-MT-M-NM
Don't Montana,My New York,D-MT-M-NY
Don't Montana,My North Carolina,D-MT-M-NC
Don't Montana,My North Dakota,D-MT-M-ND
Don't Montana,My Ohio,D-MT-M-OH
Don't Montana,My Oklahoma,D-MT-M-OK
Don't Montana,My Oregon,D-MT-M-OR
Don't Montana,My Pennsylvania,D-MT-M-PA
Don't Montana,My Rhode Island,D-MT-M-RI
Don't Montana,My South Carolina,D-MT-M-SC
Don't Montana,My South Dakota,D-MT-M-SD
Don't Montana,My Tennessee,D-MT-M-TN
Don't Montana,My Texas,D-MT-M-TX
Don't Montana,My Utah,D-MT-M-UT
Don't Montana,My Vermont,D-MT-M-VT
Don't Montana,My Virginia,D-MT-M-VA
Don't Montana,My Washington,D-MT-M-WA
Don't Montana,My West Virginia,D-MT-M-WV
Don't Montana,My Wisconsin,D-MT-M-WI
Don't Montana,My Wyoming,D-MT-M-WY
Don't Nebraska,My Alabama,D-NE-M-AL
Don't Nebraska,My Alaska,D-NE-M-AK
Don't Nebraska,My Arizona,D-NE-M-AZ
Don't Nebraska,My Arkansas,D-NE-M-AR
Don't Nebraska,My California,D-NE-M-CA
Don't Nebraska,My Colorado,D-NE-M-CO
Don't Nebraska,My Connecticut,D-NE-M-CT
Don't Nebraska,My Delaware,D-NE-M-DE
Don't Nebraska,My Florida,D-NE-M-FL
Don't Nebraska,My Georgia,D-NE-M-GA
Don't Nebraska,My Hawaii,D-NE-M-HI
Don't Nebraska,My Idaho,D-NE-M-ID
Don't Nebraska,My Illinois,D-NE-M-IL
Don't Nebraska,My Indiana,D-NE-M-IN
Don't Nebraska,My Iowa,D-NE-M-IA
Don't Nebraska,My Kansas,D-NE-M-KS
Don't Nebraska,My Kentucky,D-NE-M-KY
Don't Nebraska,My Louisiana,D-NE-M-LA
Don't Nebraska,My Maine,D-NE-M-ME
Don't Nebraska,My Maryland,D-NE-M-MD
Don't Nebraska,My Massachusetts,D-NE-M-MA
Don't Nebraska,My Michigan,D-NE-M-MI
Don't Nebraska,My Minnesota,D-NE-M-MN
Don't Nebraska,My Mississippi,D-NE-M-MS
Don't Nebraska,My Missouri,D-NE-M-MO
Don't Nebraska,My Montana,D-NE-M-MT
Don't Nebraska,My Nebraska,D-NE-M-NE
Don't Nebraska,My Nevada,D-NE-M-NV
Don't Nebraska,My New Hampshire,D-NE-M-NH
Don't Nebraska,My New Jersey,D-NE-M-NJ
Don't Nebraska,My New Mexico,D-NE-M-NM
Don't Nebraska,My New York,D-NE-M-NY
Don't Nebraska,My North Carolina,D-NE-M-NC
Don't Nebraska,My North Dakota,D-NE-M-ND
Don't Nebraska,My Ohio,D-NE-M-OH
Don't Nebraska,My Oklahoma,D-NE-M-OK
Don't Nebraska,My Oregon,D-NE-M-OR
Don't Nebraska,My Pennsylvania,D-NE-M-PA
Don't Nebraska,My Rhode Island,D-NE-M-RI
Don't Nebraska,My South Carolina,D-NE-M-SC
Don't Nebraska,My South Dakota,D-NE-M-SD
Don't Nebraska,My Tennessee,D-NE-M-TN
Don't Nebraska,My Texas,D-NE-M-TX
Don't Nebraska,My Utah,D-NE-M-UT
Don't Nebraska,My Vermont,D-NE-M-VT
Don't Nebraska,My Virginia,D-NE-M-VA
Don't Nebraska,My Washington,D-NE-M-WA
Don't Nebraska,My West Virginia,D-NE-M-WV
Don't Nebraska,My Wisconsin,D-NE-M-WI
Don't Nebraska,My Wyoming,D-NE-M-WY
Don't Nevada,My Alabama,D-NV-M-AL
Don't Nevada,My Alaska,D-NV-M-AK
Don't Nevada,My Arizona,D-NV-M-AZ
Don't Nevada,My Arkansas,D-NV-M-AR
Don't Nevada,My California,D-NV-M-CA
Don't Nevada,My Colorado,D-NV-M-CO
Don't Nevada,My Connecticut,D-NV-M-CT
Don't Nevada,My Delaware,D-NV-M-DE
Don't Nevada,My Florida,D-NV-M-FL
Don't Nevada,My Georgia,D-NV-M-GA
Don't Nevada,My Hawaii,D-NV-M-HI
Don't Nevada,My Idaho,D-NV-M-ID
Don't Nevada,My Illinois,D-NV-M-IL
Don't Nevada,My Indiana,D-NV-M-IN
Don't Nevada,My Iowa,D-NV-M-IA
Don't Nevada,My Kansas,D-NV-M-KS
Don't Nevada,My Kentucky,D-NV-M-KY
Don't Nevada,My Louisiana,D-NV-M-LA
Don't Nevada,My Maine,D-NV-M-ME
Don't Nevada,My Maryland,D-NV-M-MD
Don't Nevada,My Massachusetts,D-NV-M-MA
Don't Nevada,My Michigan,D-NV-M-MI
Don't Nevada,My Minnesota,D-NV-M-MN
Don't Nevada,My Mississippi,D-NV-M-MS
Don't Nevada,My Missouri,D-NV-M-MO
Don't Nevada,My Montana,D-NV-M-MT
Don't Nevada,My Nebraska,D-NV-M-NE
Don't Nevada,My Nevada,D-NV-M-NV
Don't Nevada,My New Hampshire,D-NV-M-NH
Don't Nevada,My New Jersey,D-NV-M-NJ
Don't Nevada,My New Mexico,D-NV-M-NM
Don't Nevada,My New York,D-NV-M-NY
Don't Nevada,My North Carolina,D-NV-M-NC
Don't Nevada,My North Dakota,D-NV-M-ND
Don't Nevada,My Ohio,D-NV-M-OH
Don't Nevada,My Oklahoma,D-NV-M-OK
Don't Nevada,My Oregon,D-NV-M-OR
Don't Nevada,My Pennsylvania,D-NV-M-PA
Don't Nevada,My Rhode Island,D-NV-M-RI
Don't Nevada,My South Carolina,D-NV-M-SC
Don't Nevada,My South Dakota,D-NV-M-SD
Don't Nevada,My Tennessee,D-NV-M-TN
Don't Nevada,My Texas,D-NV-M-TX
Don't Nevada,My Utah,D-NV-M-UT
Don't Nevada,My Vermont,D-NV-M-VT
Don't Nevada,My Virginia,D-NV-M-VA
Don't Nevada,My Washington,D-NV-M-WA
Don't Nevada,My West Virginia,D-NV-M-WV
Don't Nevada,My Wisconsin,D-NV-M-WI
Don't Nevada,My Wyoming,D-NV-M-WY
Don't New Hampshire,My Alabama,D-NH-M-AL
Don't New Hampshire,My Alaska,D-NH-M-AK
Don't New Hampshire,My Arizona,D-NH-M-AZ
Don't New Hampshire,My Arkansas,D-NH-M-AR
Don't New Hampshire,My California,D-NH-M-CA
Don't New Hampshire,My Colorado,D-NH-M-CO
Don't New Hampshire,My Connecticut,D-NH-M-CT
Don't New Hampshire,My Delaware,D-NH-M-DE
Don't New Hampshire,My Florida,D-NH-M-FL
Don't New Hampshire,My Georgia,D-NH-M-GA
Don't New Hampshire,My Hawaii,D-NH-M-HI
Don't New Hampshire,My Idaho,D-NH-M-ID
Don't New Hampshire,My Illinois,D-NH-M-IL
Don't New Hampshire,My Indiana,D-NH-M-IN
Don't New Hampshire,My Iowa,D-NH-M-IA
Don't New Hampshire,My Kansas,D-NH-M-KS
Don't New Hampshire,My Kentucky,D-NH-M-KY
Don't New Hampshire,My Louisiana,D-NH-M-LA
Don't New Hampshire,My Maine,D-NH-M-ME
Don't New Hampshire,My Maryland,D-NH-M-MD
Don't New Hampshire,My Massachusetts,D-NH-M-MA
Don't New Hampshire,My Michigan,D-NH-M-MI
Don't New Hampshire,My Minnesota,D-NH-M-MN
Don't New Hampshire,My Mississippi,D-NH-M-MS
Don't New Hampshire,My Missouri,D-NH-M-MO
Don't New Hampshire,My Montana,D-NH-M-MT
Don't New Hampshire,My Nebraska,D-NH-M-NE
Don't New Hampshire,My Nevada,D-NH-M-NV
Don't New Hampshire,My New Hampshire,D-NH-M-NH
Don't New Hampshire,My New Jersey,D-NH-M-NJ
Don't New Hampshire,My New Mexico,D-NH-M-NM
Don't New Hampshire,My New York,D-NH-M-NY
Don't New Hampshire,My North Carolina,D-NH-M-NC
Don't New Hampshire,My North Dakota,D-NH-M-ND
Don't New Hampshire,My Ohio,D-NH-M-OH
Don't New Hampshire,My Oklahoma,D-NH-M-OK
Don't New Hampshire,My Oregon,D-NH-M-OR
Don't New Hampshire,My Pennsylvania,D-NH-M-PA
Don't New Hampshire,My Rhode Island,D-NH-M-RI
Don't New Hampshire,My South Carolina,D-NH-M-SC
Don't New Hampshire,My South Dakota,D-NH-M-SD
Don't New Hampshire,My Tennessee,D-NH-M-TN
Don't New Hampshire,My Texas,D-NH-M-TX
Don't New Hampshire,My Utah,D-NH-M-UT
Don't New Hampshire,My Vermont,D-NH-M-VT
Don't New Hampshire,My Virginia,D-NH-M-VA
Don't New Hampshire,My Washington,D-NH-M-WA
Don't New Hampshire,My West Virginia,D-NH-M-WV
Don't New Hampshire,My Wisconsin,D-NH-M-WI
Don't New Hampshire,My Wyoming,D-NH-M-WY
Don't New Jersey,My Alabama,D-NJ-M-AL
Don't New Jersey,My Alaska,D-NJ-M-AK
Don't New Jersey,My Arizona,D-NJ-M-AZ
Don't New Jersey,My Arkansas,D-NJ-M-AR
Don't New Jersey,My California,D-NJ-M-CA
Don't New Jersey,My Colorado,D-NJ-M-CO
Don't New Jersey,My Connecticut,D-NJ-M-CT
Don't New Jersey,My Delaware,D-NJ-M-DE
Don't New Jersey,My Florida,D-NJ-M-FL
Don't New Jersey,My Georgia,D-NJ-M-GA
Don't New Jersey,My Hawaii,D-NJ-M-HI
Don't New Jersey,My Idaho,D-NJ-M-ID
Don't New Jersey,My Illinois,D-NJ-M-IL
Don't New Jersey,My Indiana,D-NJ-M-IN
Don't New Jersey,My Iowa,D-NJ-M-IA
Don't New Jersey,My Kansas,D-NJ-M-KS
Don't New Jersey,My Kentucky,D-NJ-M-KY
Don't New Jersey,My Louisiana,D-NJ-M-LA
Don't New Jersey,My Maine,D-NJ-M-ME
Don't New Jersey,My Maryland,D-NJ-M-MD
Don't New Jersey,My Massachusetts,D-NJ-M-MA
Don't New Jersey,My Michigan,D-NJ-M-MI
Don't New Jersey,My Minnesota,D-NJ-M-MN
Don't New Jersey,My Mississippi,D-NJ-M-MS
Don't New Jersey,My Missouri,D-NJ-M-MO
Don't New Jersey,My Montana,D-NJ-M-MT
Don't New Jersey,My Nebraska,D-NJ-M-NE
Don't New Jersey,My Nevada,D-NJ-M-NV
Don't New Jersey,My New Hampshire,D-NJ-M-NH
Don't New Jersey,My New Jersey,D-NJ-M-NJ
Don't New Jersey,My New Mexico,D-NJ-M-NM
Don't New Jersey,My New York,D-NJ-M-NY
Don't New Jersey,My North Carolina,D-NJ-M-NC
Don't New Jersey,My North Dakota,D-NJ-M-ND
Don't New Jersey,My Ohio,D-NJ-M-OH
Don't New Jersey,My Oklahoma,D-NJ-M-OK
Don't New Jersey,My Oregon,D-NJ-M-OR
Don't New Jersey,My Pennsylvania,D-NJ-M-PA
Don't New Jersey,My Rhode Island,D-NJ-M-RI
Don't New Jersey,My South Carolina,D-NJ-M-SC
Don't New Jersey,My South Dakota,D-NJ-M-SD
Don't New Jersey,My Tennessee,D-NJ-M-TN
Don't New Jersey,My Texas,D-NJ-M-TX
Don't New Jersey,My Utah,D-NJ-M-UT
Don't New Jersey,My Vermont,D-NJ-M-VT
Don't New Jersey,My Virginia,D-NJ-M-VA
Don't New Jersey,My Washington,D-NJ-M-WA
Don't New Jersey,My West Virginia,D-NJ-M-WV
Don't New Jersey,My Wisconsin,D-NJ-M-WI
Don't New Jersey,My Wyoming,D-NJ-M-WY
Don't New Mexico,My Alabama,D-NM-M-AL
Don't New Mexico,My Alaska,D-NM-M-AK
Don't New Mexico,My Arizona,D-NM-M-AZ
Don't New Mexico,My Arkansas,D-NM-M-AR
Don't New Mexico,My California,D-NM-M-CA
Don't New Mexico,My Colorado,D-NM-M-CO
Don't New Mexico,My Connecticut,D-NM-M-CT
Don't New Mexico,My Delaware,D-NM-M-DE
Don't New Mexico,My Florida,D-NM-M-FL
Don't New Mexico,My Georgia,D-NM-M-GA
Don't New Mexico,My Hawaii,D-NM-M-HI
Don't New Mexico,My Idaho,D-NM-M-ID
Don't New Mexico,My Illinois,D-NM-M-IL
Don't New Mexico,My Indiana,D-NM-M-IN
Don't New Mexico,My Iowa,D-NM-M-IA
Don't New Mexico,My Kansas,D-NM-M-KS
Don't New Mexico,My Kentucky,D-NM-M-KY
Don't New Mexico,My Louisiana,D-NM-M-LA
Don't New Mexico,My Maine,D-NM-M-ME
Don't New Mexico,My Maryland,D-NM-M-MD
Don't New Mexico,My Massachusetts,D-NM-M-MA
Don't New Mexico,My Michigan,D-NM-M-MI
Don't New Mexico,My Minnesota,D-NM-M-MN
Don't New Mexico,My Mississippi,D-NM-M-MS
Don't New Mexico,My Missouri,D-NM-M-MO
Don't New Mexico,My Montana,D-NM-M-MT
Don't New Mexico,My Nebraska,D-NM-M-NE
Don't New Mexico,My Nevada,D-NM-M-NV
Don't New Mexico,My New Hampshire,D-NM-M-NH
Don't New Mexico,My New Jersey,D-NM-M-NJ
Don't New Mexico,My New Mexico,D-NM-M-NM
Don't New Mexico,My New York,D-NM-M-NY
Don't New Mexico,My North Carolina,D-NM-M-NC
Don't New Mexico,My North Dakota,D-NM-M-ND
Don't New Mexico,My Ohio,D-NM-M-OH
Don't New Mexico,My Oklahoma,D-NM-M-OK
Don't New Mexico,My Oregon,D-NM-M-OR
Don't New Mexico,My Pennsylvania,D-NM-M-PA
Don't New Mexico,My Rhode Island,D-NM-M-RI
Don't New Mexico,My South Carolina,D-NM-M-SC
Don't New Mexico,My South Dakota,D-NM-M-SD
Don't New Mexico,My Tennessee,D-NM-M-TN
Don't New Mexico,My Texas,D-NM-M-TX
Don't New Mexico,My Utah,D-NM-M-UT
Don't New Mexico,My Vermont,D-NM-M-VT
Don't New Mexico,My Virginia,D-NM-M-VA
Don't New Mexico,My Washington,D-NM-M-WA
Don't New Mexico,My West Virginia,D-NM-M-WV
Don't New Mexico,My Wisconsin,D-NM-M-WI
Don't New Mexico,My Wyoming,D-NM-M-WY
Don't New York,My Alabama,D-NY-M-AL
Don't New York,My Alaska,D-NY-M-AK
Don't New York,My Arizona,D-NY-M-AZ
Don't New York,My Arkansas,D-NY-M-AR
Don't New York,My California,D-NY-M-CA
Don't New York,My Colorado,D-NY-M-CO
Don't New York,My Connecticut,D-NY-M-CT
Don't New York,My Delaware,D-NY-M-DE
Don't New York,My Florida,D-NY-M-FL
Don't New York,My Georgia,D-NY-M-GA
Don't New York,My Hawaii,D-NY-M-HI
Don't New York,My Idaho,D-NY-M-ID
Don't New York,My Illinois,D-NY-M-IL
Don't New York,My Indiana,D-NY-M-IN
Don't New York,My Iowa,D-NY-M-IA
Don't New York,My Kansas,D-NY-M-KS
Don't New York,My Kentucky,D-NY-M-KY
Don't New York,My Louisiana,D-NY-M-LA
Don't New York,My Maine,D-NY-M-ME
Don't New York,My Maryland,D-NY-M-MD
Don't New York,My Massachusetts,D-NY-M-MA
Don't New York,My Michigan,D-NY-M-MI
Don't New York,My Minnesota,D-NY-M-MN
Don't New York,My Mississippi,D-NY-M-MS
Don't New York,My Missouri,D-NY-M-MO
Don't New York,My Montana,D-NY-M-MT
Don't New York,My Nebraska,D-NY-M-NE
Don't New York,My Nevada,D-NY-M-NV
Don't New York,My New Hampshire,D-NY-M-NH
Don't New York,My New Jersey,D-NY-M-NJ
Don't New York,My New Mexico,D-NY-M-NM
Don't New York,My New York,D-NY-M-NY
Don't New York,My North Carolina,D-NY-M-NC
Don't New York,My North Dakota,D-NY-M-ND
Don't New York,My Ohio,D-NY-M-OH
Don't New York,My Oklahoma,D-NY-M-OK
Don't New York,My Oregon,D-NY-M-OR
Don't New York,My Pennsylvania,D-NY-M-PA
Don't New York,My Rhode Island,D-NY-M-RI
Don't New York,My South Carolina,D-NY-M-SC
Don't New York,My South Dakota,D-NY-M-SD
Don't New York,My Tennessee,D-NY-M-TN
Don't New York,My Texas,D-NY-M-TX
Don't New York,My Utah,D-NY-M-UT
Don't New York,My Vermont,D-NY-M-VT
Don't New York,My Virginia,D-NY-M-VA
Don't New York,My Washington,D-NY-M-WA
Don't New York,My West Virginia,D-NY-M-WV
Don't New York,My Wisconsin,D-NY-M-WI
Don't New York,My Wyoming,D-NY-M-WY
Don't North Carolina,My Alabama,D-NC-M-AL
Don't North Carolina,My Alaska,D-NC-M-AK
Don't North Carolina,My Arizona,D-NC-M-AZ
Don't North Carolina,My Arkansas,D-NC-M-AR
Don't North Carolina,My California,D-NC-M-CA
Don't North Carolina,My Colorado,D-NC-M-CO
Don't North Carolina,My Connecticut,D-NC-M-CT
Don't North Carolina,My Delaware,D-NC-M-DE
Don't North Carolina,My Florida,D-NC-M-FL
Don't North Carolina,My Georgia,D-NC-M-GA
Don't North Carolina,My Hawaii,D-NC-M-HI
Don't North Carolina,My Idaho,D-NC-M-ID
Don't North Carolina,My Illinois,D-NC-M-IL
Don't North Carolina,My Indiana,D-NC-M-IN
Don't North Carolina,My Iowa,D-NC-M-IA
Don't North Carolina,My Kansas,D-NC-M-KS
Don't North Carolina,My Kentucky,D-NC-M-KY
Don't North Carolina,My Louisiana,D-NC-M-LA
Don't North Carolina,My Maine,D-NC-M-ME
Don't North Carolina,My Maryland,D-NC-M-MD
Don't North Carolina,My Massachusetts,D-NC-M-MA
Don't North Carolina,My Michigan,D-NC-M-MI
Don't North Carolina,My Minnesota,D-NC-M-MN
Don't North Carolina,My Mississippi,D-NC-M-MS
Don't North Carolina,My Missouri,D-NC-M-MO
Don't North Carolina,My Montana,D-NC-M-MT
Don't North Carolina,My Nebraska,D-NC-M-NE
Don't North Carolina,My Nevada,D-NC-M-NV
Don't North Carolina,My New Hampshire,D-NC-M-NH
Don't North Carolina,My New Jersey,D-NC-M-NJ
Don't North Carolina,My New Mexico,D-NC-M-NM
Don't North Carolina,My New York,D-NC-M-NY
Don't North Carolina,My North Carolina,D-NC-M-NC
Don't North Carolina,My North Dakota,D-NC-M-ND
Don't North Carolina,My Ohio,D-NC-M-OH
Don't North Carolina,My Oklahoma,D-NC-M-OK
Don't North Carolina,My Oregon,D-NC-M-OR
Don't North Carolina,My Pennsylvania,D-NC-M-PA
Don't North Carolina,My Rhode Island,D-NC-M-RI
Don't North Carolina,My South Carolina,D-NC-M-SC
Don't North Carolina,My South Dakota,D-NC-M-SD
Don't North Carolina,My Tennessee,D-NC-M-TN
Don't North Carolina,My Texas,D-NC-M-TX
Don't North Carolina,My Utah,D-NC-M-UT
Don't North Carolina,My Vermont,D-NC-M-VT
Don't North Carolina,My Virginia,D-NC-M-VA
Don't North Carolina,My Washington,D-NC-M-WA
Don't North Carolina,My West Virginia,D-NC-M-WV
Don't North Carolina,My Wisconsin,D-NC-M-WI
Don't North Carolina,My Wyoming,D-NC-M-WY
Don't North Dakota,My Alabama,D-ND-M-AL
Don't North Dakota,My Alaska,D-ND-M-AK
Don't North Dakota,My Arizona,D-ND-M-AZ
Don't North Dakota,My Arkansas,D-ND-M-AR
Don't North Dakota,My California,D-ND-M-CA
Don't North Dakota,My Colorado,D-ND-M-CO
Don't North Dakota,My Connecticut,D-ND-M-CT
Don't North Dakota,My Delaware,D-ND-M-DE
Don't North Dakota,My Florida,D-ND-M-FL
Don't North Dakota,My Georgia,D-ND-M-GA
Don't North Dakota,My Hawaii,D-ND-M-HI
Don't North Dakota,My Idaho,D-ND-M-ID
Don't North Dakota,My Illinois,D-ND-M-IL
Don't North Dakota,My Indiana,D-ND-M-IN
Don't North Dakota,My Iowa,D-ND-M-IA
Don't North Dakota,My Kansas,D-ND-M-KS
Don't North Dakota,My Kentucky,D-ND-M-KY
Don't North Dakota,My Louisiana,D-ND-M-LA
Don't North Dakota,My Maine,D-ND-M-ME
Don't North Dakota,My Maryland,D-ND-M-MD
Don't North Dakota,My Massachusetts,D-ND-M-MA
Don't North Dakota,My Michigan,D-ND-M-MI
Don't North Dakota,My Minnesota,D-ND-M-MN
Don't North Dakota,My Mississippi,D-ND-M-MS
Don't North Dakota,My Missouri,D-ND-M-MO
Don't North Dakota,My Montana,D-ND-M-MT
Don't North Dakota,My Nebraska,D-ND-M-NE
Don't North Dakota,My Nevada,D-ND-M-NV
Don't North Dakota,My New Hampshire,D-ND-M-NH
Don't North Dakota,My New Jersey,D-ND-M-NJ
Don't North Dakota,My New Mexico,D-ND-M-NM
Don't North Dakota,My New York,D-ND-M-NY
Don't North Dakota,My North Carolina,D-ND-M-NC
Don't North Dakota,My North Dakota,D-ND-M-ND
Don't North Dakota,My Ohio,D-ND-M-OH
Don't North Dakota,My Oklahoma,D-ND-M-OK
Don't North Dakota,My Oregon,D-ND-M-OR
Don't North Dakota,My Pennsylvania,D-ND-M-PA
Don't North Dakota,My Rhode Island,D-ND-M-RI
Don't North Dakota,My South Carolina,D-ND-M-SC
Don't North Dakota,My South Dakota,D-ND-M-SD
Don't North Dakota,My Tennessee,D-ND-M-TN
Don't North Dakota,My Texas,D-ND-M-TX
Don't North Dakota,My Utah,D-ND-M-UT
Don't North Dakota,My Vermont,D-ND-M-VT
Don't North Dakota,My Virginia,D-ND-M-VA
Don't North Dakota,My Washington,D-ND-M-WA
Don't North Dakota,My West Virginia,D-ND-M-WV
Don't North Dakota,My Wisconsin,D-ND-M-WI
Don't North Dakota,My Wyoming,D-ND-M-WY
Don't Ohio,My Alabama,D-OH-M-AL
Don't Ohio,My Alaska,D-OH-M-AK
Don't Ohio,My Arizona,D-OH-M-AZ
Don't Ohio,My Arkansas,D-OH-M-AR
Don't Ohio,My California,D-OH-M-CA
Don't Ohio,My Colorado,D-OH-M-CO
Don't Ohio,My Connecticut,D-OH-M-CT
Don't Ohio,My Delaware,D-OH-M-DE
Don't Ohio,My Florida,D-OH-M-FL
Don't Ohio,My Georgia,D-OH-M-GA
Don't Ohio,My Hawaii,D-OH-M-HI
Don't Ohio,My Idaho,D-OH-M-ID
Don't Ohio,My Illinois,D-OH-M-IL
Don't Ohio,My Indiana,D-OH-M-IN
Don't Ohio,My Iowa,D-OH-M-IA
Don't Ohio,My Kansas,D-OH-M-KS
Don't Ohio,My Kentucky,D-OH-M-KY
Don't Ohio,My Louisiana,D-OH-M-LA
Don't Ohio,My Maine,D-OH-M-ME
Don't Ohio,My Maryland,D-OH-M-MD
Don't Ohio,My Massachusetts,D-OH-M-MA
Don't Ohio,My Michigan,D-OH-M-MI
Don't Ohio,My Minnesota,D-OH-M-MN
Don't Ohio,My Mississippi,D-OH-M-MS
Don't Ohio,My Missouri,D-OH-M-MO
Don't Ohio,My Montana,D-OH-M-MT
Don't Ohio,My Nebraska,D-OH-M-NE
Don't Ohio,My Nevada,D-OH-M-NV
Don't Ohio,My New Hampshire,D-OH-M-NH
Don't Ohio,My New Jersey,D-OH-M-NJ
Don't Ohio,My New Mexico,D-OH-M-NM
Don't Ohio,My New York,D-OH-M-NY
Don't Ohio,My North Carolina,D-OH-M-NC
Don't Ohio,My North Dakota,D-OH-M-ND
Don't Ohio,My Ohio,D-OH-M-OH
Don't Ohio,My Oklahoma,D-OH-M-OK
Don't Ohio,My Oregon,D-OH-M-OR
Don't Ohio,My Pennsylvania,D-OH-M-PA
Don't Ohio,My Rhode Island,D-OH-M-RI
Don't Ohio,My South Carolina,D-OH-M-SC
Don't Ohio,My South Dakota,D-OH-M-SD
Don't Ohio,My Tennessee,D-OH-M-TN
Don't Ohio,My Texas,D-OH-M-TX
Don't Ohio,My Utah,D-OH-M-UT
Don't Ohio,My Vermont,D-OH-M-VT
Don't Ohio,My Virginia,D-OH-M-VA
Don't Ohio,My Washington,D-OH-M-WA
Don't Ohio,My West Virginia,D-OH-M-WV
Don't Ohio,My Wisconsin,D-OH-M-WI
Don't Ohio,My Wyoming,D-OH-M-WY
Don't Oklahoma,My Alabama,D-OK-M-AL
Don't Oklahoma,My Alaska,D-OK-M-AK
Don't Oklahoma,My Arizona,D-OK-M-AZ
Don't Oklahoma,My Arkansas,D-OK-M-AR
Don't Oklahoma,My California,D-OK-M-CA
Don't Oklahoma,My Colorado,D-OK-M-CO
Don't Oklahoma,My Connecticut,D-OK-M-CT
Don't Oklahoma,My Delaware,D-OK-M-DE
Don't Oklahoma,My Florida,D-OK-M-FL
Don't Oklahoma,My Georgia,D-OK-M-GA
Don't Oklahoma,My Hawaii,D-OK-M-HI
Don't Oklahoma,My Idaho,D-OK-M-ID
Don't Oklahoma,My Illinois,D-OK-M-IL
Don't Oklahoma,My Indiana,D-OK-M-IN
Don't Oklahoma,My Iowa,D-OK-M-IA
Don't Oklahoma,My Kansas,D-OK-M-KS
Don't Oklahoma,My Kentucky,D-OK-M-KY
Don't Oklahoma,My Louisiana,D-OK-M-LA
Don't Oklahoma,My Maine,D-OK-M-ME
Don't Oklahoma,My Maryland,D-OK-M-MD
Don't Oklahoma,My Massachusetts,D-OK-M-MA
Don't Oklahoma,My Michigan,D-OK-M-MI
Don't Oklahoma,My Minnesota,D-OK-M-MN
Don't Oklahoma,My Mississippi,D-OK-M-MS
Don't Oklahoma,My Missouri,D-OK-M-MO
Don't Oklahoma,My Montana,D-OK-M-MT
Don't Oklahoma,My Nebraska,D-OK-M-NE
Don't Oklahoma,My Nevada,D-OK-M-NV
Don't Oklahoma,My New Hampshire,D-OK-M-NH
Don't Oklahoma,My New Jersey,D-OK-M-NJ
Don't Oklahoma,My New Mexico,D-OK-M-NM
Don't Oklahoma,My New York,D-OK-M-NY
Don't Oklahoma,My North Carolina,D-OK-M-NC
Don't Oklahoma,My North Dakota,D-OK-M-ND
Don't Oklahoma,My Ohio,D-OK-M-OH
Don't Oklahoma,My Oklahoma,D-OK-M-OK
Don't Oklahoma,My Oregon,D-OK-M-OR
Don't Oklahoma,My Pennsylvania,D-OK-M-PA
Don't Oklahoma,My Rhode Island,D-OK-M-RI
Don't Oklahoma,My South Carolina,D-OK-M-SC
Don't Oklahoma,My South Dakota,D-OK-M-SD
Don't Oklahoma,My Tennessee,D-OK-M-TN
Don't Oklahoma,My Texas,D-OK-M-TX
Don't Oklahoma,My Utah,D-OK-M-UT
Don't Oklahoma,My Vermont,D-OK-M-VT
Don't Oklahoma,My Virginia,D-OK-M-VA
Don't Oklahoma,My Washington,D-OK-M-WA
Don't Oklahoma,My West Virginia,D-OK-M-WV
Don't Oklahoma,My Wisconsin,D-OK-M-WI
Don't Oklahoma,My Wyoming,D-OK-M-WY
Don't Oregon,My Alabama,D-OR-M-AL
Don't Oregon,My Alaska,D-OR-M-AK
Don't Oregon,My Arizona,D-OR-M-AZ
Don't Oregon,My Arkansas,D-OR-M-AR
Don't Oregon,My California,D-OR-M-CA
Don't Oregon,My Colorado,D-OR-M-CO
Don't Oregon,My Connecticut,D-OR-M-CT
Don't Oregon,My Delaware,D-OR-M-DE
Don't Oregon,My Florida,D-OR-M-FL
Don't Oregon,My Georgia,D-OR-M-GA
Don't Oregon,My Hawaii,D-OR-M-HI
Don't Oregon,My Idaho,D-OR-M-ID
Don't Oregon,My Illinois,D-OR-M-IL
Don't Oregon,My Indiana,D-OR-M-IN
Don't Oregon,My Iowa,D-OR-M-IA
Don't Oregon,My Kansas,D-OR-M-KS
Don't Oregon,My Kentucky,D-OR-M-KY
Don't Oregon,My Louisiana,D-OR-M-LA
Don't Oregon,My Maine,D-OR-M-ME
Don't Oregon,My Maryland,D-OR-M-MD
Don't Oregon,My Massachusetts,D-OR-M-MA
Don't Oregon,My Michigan,D-OR-M-MI
Don't Oregon,My Minnesota,D-OR-M-MN
Don't Oregon,My Mississippi,D-OR-M-MS
Don't Oregon,My Missouri,D-OR-M-MO
Don't Oregon,My Montana,D-OR-M-MT
Don't Oregon,My Nebraska,D-OR-M-NE
Don't Oregon,My Nevada,D-OR-M-NV
Don't Oregon,My New Hampshire,D-OR-M-NH
Don't Oregon,My New Jersey,D-OR-M-NJ
Don't Oregon,My New Mexico,D-OR-M-NM
Don't Oregon,My New York,D-OR-M-NY
Don't Oregon,My North Carolina,D-OR-M-NC
Don't Oregon,My North Dakota,D-OR-M-ND
Don't Oregon,My Ohio,D-OR-M-OH
Don't Oregon,My Oklahoma,D-OR-M-OK
Don't Oregon,My Oregon,D-OR-M-OR
Don't Oregon,My Pennsylvania,D-OR-M-PA
Don't Oregon,My Rhode Island,D-OR-M-RI
Don't Oregon,My South Carolina,D-OR-M-SC
Don't Oregon,My South Dakota,D-OR-M-SD
Don't Oregon,My Tennessee,D-OR-M-TN
Don't Oregon,My Texas,D-OR-M-TX
Don't Oregon,My Utah,D-OR-M-UT
Don't Oregon,My Vermont,D-OR-M-VT
Don't Oregon,My Virginia,D-OR-M-VA
Don't Oregon,My Washington,D-OR-M-WA
Don't Oregon,My West Virginia,D-OR-M-WV
Don't Oregon,My Wisconsin,D-OR-M-WI
Don't Oregon,My Wyoming,D-OR-M-WY
Don't Pennsylvania,My Alabama,D-PA-M-AL
Don't Pennsylvania,My Alaska,D-PA-M-AK
Don't Pennsylvania,My Arizona,D-PA-M-AZ
Don't Pennsylvania,My Arkansas,D-PA-M-AR
Don't Pennsylvania,My California,D-PA-M-CA
Don't Pennsylvania,My Colorado,D-PA-M-CO
Don't Pennsylvania,My Connecticut,D-PA-M-CT
Don't Pennsylvania,My Delaware,D-PA-M-DE
Don't Pennsylvania,My Florida,D-PA-M-FL
Don't Pennsylvania,My Georgia,D-PA-M-GA
Don't Pennsylvania,My Hawaii,D-PA-M-HI
Don't Pennsylvania,My Idaho,D-PA-M-ID
Don't Pennsylvania,My Illinois,D-PA-M-IL
Don't Pennsylvania,My Indiana,D-PA-M-IN
Don't Pennsylvania,My Iowa,D-PA-M-IA
Don't Pennsylvania,My Kansas,D-PA-M-KS
Don't Pennsylvania,My Kentucky,D-PA-M-KY
Don't Pennsylvania,My Louisiana,D-PA-M-LA
Don't Pennsylvania,My Maine,D-PA-M-ME
Don't Pennsylvania,My Maryland,D-PA-M-MD
Don't Pennsylvania,My Massachusetts,D-PA-M-MA
Don't Pennsylvania,My Michigan,D-PA-M-MI
Don't Pennsylvania,My Minnesota,D-PA-M-MN
Don't Pennsylvania,My Mississippi,D-PA-M-MS
Don't Pennsylvania,My Missouri,D-PA-M-MO
Don't Pennsylvania,My Montana,D-PA-M-MT
Don't Pennsylvania,My Nebraska,D-PA-M-NE
Don't Pennsylvania,My Nevada,D-PA-M-NV
Don't Pennsylvania,My New Hampshire,D-PA-M-NH
Don't Pennsylvania,My New Jersey,D-PA-M-NJ
Don't Pennsylvania,My New Mexico,D-PA-M-NM
Don't Pennsylvania,My New York,D-PA-M-NY
Don't Pennsylvania,My North Carolina,D-PA-M-NC
Don't Pennsylvania,My North Dakota,D-PA-M-ND
Don't Pennsylvania,My Ohio,D-PA-M-OH
Don't Pennsylvania,My Oklahoma,D-PA-M-OK
Don't Pennsylvania,My Oregon,D-PA-M-OR
Don't Pennsylvania,My Pennsylvania,D-PA-M-PA
Don't Pennsylvania,My Rhode Island,D-PA-M-RI
Don't Pennsylvania,My South Carolina,D-PA-M-SC
Don't Pennsylvania,My South Dakota,D-PA-M-SD
Don't Pennsylvania,My Tennessee,D-PA-M-TN
Don't Pennsylvania,My Texas,D-PA-M-TX
Don't Pennsylvania,My Utah,D-PA-M-UT
Don't Pennsylvania,My Vermont,D-PA-M-VT
Don't Pennsylvania,My Virginia,D-PA-M-VA
Don't Pennsylvania,My Washington,D-PA-M-WA
Don't Pennsylvania,My West Virginia,D-PA-M-WV
Don't Pennsylvania,My Wisconsin,D-PA-M-WI
Don't Pennsylvania,My Wyoming,D-PA-M-WY
Don't Rhode Island,My Alabama,D-RI-M-AL
Don't Rhode Island,My Alaska,D-RI-M-AK
Don't Rhode Island,My Arizona,D-RI-M-AZ
Don't Rhode Island,My Arkansas,D-RI-M-AR
Don't Rhode Island,My California,D-RI-M-CA
Don't Rhode Island,My Colorado,D-RI-M-CO
Don't Rhode Island,My Connecticut,D-RI-M-CT
Don't Rhode Island,My Delaware,D-RI-M-DE
Don't Rhode Island,My Florida,D-RI-M-FL
Don't Rhode Island,My Georgia,D-RI-M-GA
Don't Rhode Island,My Hawaii,D-RI-M-HI
Don't Rhode Island,My Idaho,D-RI-M-ID
Don't Rhode Island,My Illinois,D-RI-M-IL
Don't Rhode Island,My Indiana,D-RI-M-IN
Don't Rhode Island,My Iowa,D-RI-M-IA
Don't Rhode Island,My Kansas,D-RI-M-KS
Don't Rhode Island,My Kentucky,D-RI-M-KY
Don't Rhode Island,My Louisiana,D-RI-M-LA
Don't Rhode Island,My Maine,D-RI-M-ME
Don't Rhode Island,My Maryland,D-RI-M-MD
Don't Rhode Island,My Massachusetts,D-RI-M-MA
Don't Rhode Island,My Michigan,D-RI-M-MI
Don't Rhode Island,My Minnesota,D-RI-M-MN
Don't Rhode Island,My Mississippi,D-RI-M-MS
Don't Rhode Island,My Missouri,D-RI-M-MO
Don't Rhode Island,My Montana,D-RI-M-MT
Don't Rhode Island,My Nebraska,D-RI-M-NE
Don't Rhode Island,My Nevada,D-RI-M-NV
Don't Rhode Island,My New Hampshire,D-RI-M-NH
Don't Rhode Island,My New Jersey,D-RI-M-NJ
Don't Rhode Island,My New Mexico,D-RI-M-NM
Don't Rhode Island,My New York,D-RI-M-NY
Don't Rhode Island,My North Carolina,D-RI-M-NC
Don't Rhode Island,My North Dakota,D-RI-M-ND
Don't Rhode Island,My Ohio,D-RI-M-OH
Don't Rhode Island,My Oklahoma,D-RI-M-OK
Don't Rhode Island,My Oregon,D-RI-M-OR
Don't Rhode Island,My Pennsylvania,D-RI-M-PA
Don't Rhode Island,My Rhode Island,D-RI-M-RI
Don't Rhode Island,My South Carolina,D-RI-M-SC
Don't Rhode Island,My South Dakota,D-RI-M-SD
Don't Rhode Island,My Tennessee,D-RI-M-TN
Don't Rhode Island,My Texas,D-RI-M-TX
Don't Rhode Island,My Utah,D-RI-M-UT
Don't Rhode Island,My Vermont,D-RI-M-VT
Don't Rhode Island,My Virginia,D-RI-M-VA
Don't Rhode Island,My Washington,D-RI-M-WA
Don't Rhode Island,My West Virginia,D-RI-M-WV
Don't Rhode Island,My Wisconsin,D-RI-M-WI
Don't Rhode Island,My Wyoming,D-RI-M-WY
Don't South Carolina,My Alabama,D-SC-M-AL
Don't South Carolina,My Alaska,D-SC-M-AK
Don't South Carolina,My Arizona,D-SC-M-AZ
Don't South Carolina,My Arkansas,D-SC-M-AR
Don't South Carolina,My California,D-SC-M-CA
Don't South Carolina,My Colorado,D-SC-M-CO
Don't South Carolina,My Connecticut,D-SC-M-CT
Don't South Carolina,My Delaware,D-SC-M-DE
Don't South Carolina,My Florida,D-SC-M-FL
Don't South Carolina,My Georgia,D-SC-M-GA
Don't South Carolina,My Hawaii,D-SC-M-HI
Don't South Carolina,My Idaho,D-SC-M-ID
Don't South Carolina,My Illinois,D-SC-M-IL
Don't South Carolina,My Indiana,D-SC-M-IN
Don't South Carolina,My Iowa,D-SC-M-IA
Don't South Carolina,My Kansas,D-SC-M-KS
Don't South Carolina,My Kentucky,D-SC-M-KY
Don't South Carolina,My Louisiana,D-SC-M-LA
Don't South Carolina,My Maine,D-SC-M-ME
Don't South Carolina,My Maryland,D-SC-M-MD
Don't South Carolina,My Massachusetts,D-SC-M-MA
Don't South Carolina,My Michigan,D-SC-M-MI
Don't South Carolina,My Minnesota,D-SC-M-MN
Don't South Carolina,My Mississippi,D-SC-M-MS
Don't South Carolina,My Missouri,D-SC-M-MO
Don't South Carolina,My Montana,D-SC-M-MT
Don't South Carolina,My Nebraska,D-SC-M-NE
Don't South Carolina,My Nevada,D-SC-M-NV
Don't South Carolina,My New Hampshire,D-SC-M-NH
Don't South Carolina,My New Jersey,D-SC-M-NJ
Don't South Carolina,My New Mexico,D-SC-M-NM
Don't South Carolina,My New York,D-SC-M-NY
Don't South Carolina,My North Carolina,D-SC-M-NC
Don't South Carolina,My North Dakota,D-SC-M-ND
Don't South Carolina,My Ohio,D-SC-M-OH
Don't South Carolina,My Oklahoma,D-SC-M-OK
Don't South Carolina,My Oregon,D-SC-M-OR
Don't South Carolina,My Pennsylvania,D-SC-M-PA
Don't South Carolina,My Rhode Island,D-SC-M-RI
Don't South Carolina,My South Carolina,D-SC-M-SC
Don't South Carolina,My South Dakota,D-SC-M-SD
Don't South Carolina,My Tennessee,D-SC-M-TN
Don't South Carolina,My Texas,D-SC-M-TX
Don't South Carolina,My Utah,D-SC-M-UT
Don't South Carolina,My Vermont,D-SC-M-VT
Don't South Carolina,My Virginia,D-SC-M-VA
Don't South Carolina,My Washington,D-SC-M-WA
Don't South Carolina,My West Virginia,D-SC-M-WV
Don't South Carolina,My Wisconsin,D-SC-M-WI
Don't South Carolina,My Wyoming,D-SC-M-WY
Don't South Dakota,My Alabama,D-SD-M-AL
Don't South Dakota,My Alaska,D-SD-M-AK
Don't South Dakota,My Arizona,D-SD-M-AZ
Don't South Dakota,My Arkansas,D-SD-M-AR
Don't South Dakota,My California,D-SD-M-CA
Don't South Dakota,My Colorado,D-SD-M-CO
Don't South Dakota,My Connecticut,D-SD-M-CT
Don't South Dakota,My Delaware,D-SD-M-DE
Don't South Dakota,My Florida,D-SD-M-FL
Don't South Dakota,My Georgia,D-SD-M-GA
Don't South Dakota,My Hawaii,D-SD-M-HI
Don't South Dakota,My Idaho,D-SD-M-ID
Don't South Dakota,My Illinois,D-SD-M-IL
Don't South Dakota,My Indiana,D-SD-M-IN
Don't South Dakota,My Iowa,D-SD-M-IA
Don't South Dakota,My Kansas,D-SD-M-KS
Don't South Dakota,My Kentucky,D-SD-M-KY
Don't South Dakota,My Louisiana,D-SD-M-LA
Don't South Dakota,My Maine,D-SD-M-ME
Don't South Dakota,My Maryland,D-SD-M-MD
Don't South Dakota,My Massachusetts,D-SD-M-MA
Don't South Dakota,My Michigan,D-SD-M-MI
Don't South Dakota,My Minnesota,D-SD-M-MN
Don't South Dakota,My Mississippi,D-SD-M-MS
Don't South Dakota,My Missouri,D-SD-M-MO
Don't South Dakota,My Montana,D-SD-M-MT
Don't South Dakota,My Nebraska,D-SD-M-NE
Don't South Dakota,My Nevada,D-SD-M-NV
Don't South Dakota,My New Hampshire,D-SD-M-NH
Don't South Dakota,My New Jersey,D-SD-M-NJ
Don't South Dakota,My New Mexico,D-SD-M-NM
Don't South Dakota,My New York,D-SD-M-NY
Don't South Dakota,My North Carolina,D-SD-M-NC
Don't South Dakota,My North Dakota,D-SD-M-ND
Don't South Dakota,My Ohio,D-SD-M-OH
Don't South Dakota,My Oklahoma,D-SD-M-OK
Don't South Dakota,My Oregon,D-SD-M-OR
Don't South Dakota,My Pennsylvania,D-SD-M-PA
Don't South Dakota,My Rhode Island,D-SD-M-RI
Don't South Dakota,My South Carolina,D-SD-M-SC
Don't South Dakota,My South Dakota,D-SD-M-SD
Don't South Dakota,My Tennessee,D-SD-M-TN
Don't South Dakota,My Texas,D-SD-M-TX
Don't South Dakota,My Utah,D-SD-M-UT
Don't South Dakota,My Vermont,D-SD-M-VT
Don't South Dakota,My Virginia,D-SD-M-VA
Don't South Dakota,My Washington,D-SD-M-WA
Don't South Dakota,My West Virginia,D-SD-M-WV
Don't South Dakota,My Wisconsin,D-SD-M-WI
Don't South Dakota,My Wyoming,D-SD-M-WY
Don't Tennessee,My Alabama,D-TN-M-AL
Don't Tennessee,My Alaska,D-TN-M-AK
Don't Tennessee,My Arizona,D-TN-M-AZ
Don't Tennessee,My Arkansas,D-TN-M-AR
Don't Tennessee,My California,D-TN-M-CA
Don't Tennessee,My Colorado,D-TN-M-CO
Don't Tennessee,My Connecticut,D-TN-M-CT
Don't Tennessee,My Delaware,D-TN-M-DE
Don't Tennessee,My Florida,D-TN-M-FL
Don't Tennessee,My Georgia,D-TN-M-GA
Don't Tennessee,My Hawaii,D-TN-M-HI
Don't Tennessee,My Idaho,D-TN-M-ID
Don't Tennessee,My Illinois,D-TN-M-IL
Don't Tennessee,My Indiana,D-TN-M-IN
Don't Tennessee,My Iowa,D-TN-M-IA
Don't Tennessee,My Kansas,D-TN-M-KS
Don't Tennessee,My Kentucky,D-TN-M-KY
Don't Tennessee,My Louisiana,D-TN-M-LA
Don't Tennessee,My Maine,D-TN-M-ME
Don't Tennessee,My Maryland,D-TN-M-MD
Don't Tennessee,My Massachusetts,D-TN-M-MA
Don't Tennessee,My Michigan,D-TN-M-MI
Don't Tennessee,My Minnesota,D-TN-M-MN
Don't Tennessee,My Mississippi,D-TN-M-MS
Don't Tennessee,My Missouri,D-TN-M-MO
Don't Tennessee,My Montana,D-TN-M-MT
Don't Tennessee,My Nebraska,D-TN-M-NE
Don't Tennessee,My Nevada,D-TN-M-NV
Don't Tennessee,My New Hampshire,D-TN-M-NH
Don't Tennessee,My New Jersey,D-TN-M-NJ
Don't Tennessee,My New Mexico,D-TN-M-NM
Don't Tennessee,My New York,D-TN-M-NY
Don't Tennessee,My North Carolina,D-TN-M-NC
Don't Tennessee,My North Dakota,D-TN-M-ND
Don't Tennessee,My Ohio,D-TN-M-OH
Don't Tennessee,My Oklahoma,D-TN-M-OK
Don't Tennessee,My Oregon,D-TN-M-OR
Don't Tennessee,My Pennsylvania,D-TN-M-PA
Don't Tennessee,My Rhode Island,D-TN-M-RI
Don't Tennessee,My South Carolina,D-TN-M-SC
Don't Tennessee,My South Dakota,D-TN-M-SD
Don't Tennessee,My Tennessee,D-TN-M-TN
Don't Tennessee,My Texas,D-TN-M-TX
Don't Tennessee,My Utah,D-TN-M-UT
Don't Tennessee,My Vermont,D-TN-M-VT
Don't Tennessee,My Virginia,D-TN-M-VA
Don't Tennessee,My Washington,D-TN-M-WA
Don't Tennessee,My West Virginia,D-TN-M-WV
Don't Tennessee,My Wisconsin,D-TN-M-WI
Don't Tennessee,My Wyoming,D-TN-M-WY
Don't Texas,My Alabama,D-TX-M-AL
Don't Texas,My Alaska,D-TX-M-AK
Don't Texas,My Arizona,D-TX-M-AZ
Don't Texas,My Arkansas,D-TX-M-AR
Don't Texas,My California,D-TX-M-CA
Don't Texas,My Colorado,D-TX-M-CO
Don't Texas,My Connecticut,D-TX-M-CT
Don't Texas,My Delaware,D-TX-M-DE
Don't Texas,My Florida,D-TX-M-FL
Don't Texas,My Georgia,D-TX-M-GA
Don't Texas,My Hawaii,D-TX-M-HI
Don't Texas,My Idaho,D-TX-M-ID
Don't Texas,My Illinois,D-TX-M-IL
Don't Texas,My Indiana,D-TX-M-IN
Don't Texas,My Iowa,D-TX-M-IA
Don't Texas,My Kansas,D-TX-M-KS
Don't Texas,My Kentucky,D-TX-M-KY
Don't Texas,My Louisiana,D-TX-M-LA
Don't Texas,My Maine,D-TX-M-ME
Don't Texas,My Maryland,D-TX-M-MD
Don't Texas,My Massachusetts,D-TX-M-MA
Don't Texas,My Michigan,D-TX-M-MI
Don't Texas,My Minnesota,D-TX-M-MN
Don't Texas,My Mississippi,D-TX-M-MS
Don't Texas,My Missouri,D-TX-M-MO
Don't Texas,My Montana,D-TX-M-MT
Don't Texas,My Nebraska,D-TX-M-NE
Don't Texas,My Nevada,D-TX-M-NV
Don't Texas,My New Hampshire,D-TX-M-NH
Don't Texas,My New Jersey,D-TX-M-NJ
Don't Texas,My New Mexico,D-TX-M-NM
Don't Texas,My New York,D-TX-M-NY
Don't Texas,My North Carolina,D-TX-M-NC
Don't Texas,My North Dakota,D-TX-M-ND
Don't Texas,My Ohio,D-TX-M-OH
Don't Texas,My Oklahoma,D-TX-M-OK
Don't Texas,My Oregon,D-TX-M-OR
Don't Texas,My Pennsylvania,D-TX-M-PA
Don't Texas,My Rhode Island,D-TX-M-RI
Don't Texas,My South Carolina,D-TX-M-SC
Don't Texas,My South Dakota,D-TX-M-SD
Don't Texas,My Tennessee,D-TX-M-TN
Don't Texas,My Texas,D-TX-M-TX
Don't Texas,My Utah,D-TX-M-UT
Don't Texas,My Vermont,D-TX-M-VT
Don't Texas,My Virginia,D-TX-M-VA
Don't Texas,My Washington,D-TX-M-WA
Don't Texas,My West Virginia,D-TX-M-WV
Don't Texas,My Wisconsin,D-TX-M-WI
Don't Texas,My Wyoming,D-TX-M-WY
Don't Utah,My Alabama,D-UT-M-AL
Don't Utah,My Alaska,D-UT-M-AK
Don't Utah,My Arizona,D-UT-M-AZ
Don't Utah,My Arkansas,D-UT-M-AR
Don't Utah,My California,D-UT-M-CA
Don't Utah,My Colorado,D-UT-M-CO
Don't Utah,My Connecticut,D-UT-M-CT
Don't Utah,My Delaware,D-UT-M-DE
Don't Utah,My Florida,D-UT-M-FL
Don't Utah,My Georgia,D-UT-M-GA
Don't Utah,My Hawaii,D-UT-M-HI
Don't Utah,My Idaho,D-UT-M-ID
Don't Utah,My Illinois,D-UT-M-IL
Don't Utah,My Indiana,D-UT-M-IN
Don't Utah,My Iowa,D-UT-M-IA
Don't Utah,My Kansas,D-UT-M-KS
Don't Utah,My Kentucky,D-UT-M-KY
Don't Utah,My Louisiana,D-UT-M-LA
Don't Utah,My Maine,D-UT-M-ME
Don't Utah,My Maryland,D-UT-M-MD
Don't Utah,My Massachusetts,D-UT-M-MA
Don't Utah,My Michigan,D-UT-M-MI
Don't Utah,My Minnesota,D-UT-M-MN
Don't Utah,My Mississippi,D-UT-M-MS
Don't Utah,My Missouri,D-UT-M-MO
Don't Utah,My Montana,D-UT-M-MT
Don't Utah,My Nebraska,D-UT-M-NE
Don't Utah,My Nevada,D-UT-M-NV
Don't Utah,My New Hampshire,D-UT-M-NH
Don't Utah,My New Jersey,D-UT-M-NJ
Don't Utah,My New Mexico,D-UT-M-NM
Don't Utah,My New York,D-UT-M-NY
Don't Utah,My North Carolina,D-UT-M-NC
Don't Utah,My North Dakota,D-UT-M-ND
Don't Utah,My Ohio,D-UT-M-OH
Don't Utah,My Oklahoma,D-UT-M-OK
Don't Utah,My Oregon,D-UT-M-OR
Don't Utah,My Pennsylvania,D-UT-M-PA
Don't Utah,My Rhode Island,D-UT-M-RI
Don't Utah,My South Carolina,D-UT-M-SC
Don't Utah,My South Dakota,D-UT-M-SD
Don't Utah,My Tennessee,D-UT-M-TN
Don't Utah,My Texas,D-UT-M-TX
Don't Utah,My Utah,D-UT-M-UT
Don't Utah,My Vermont,D-UT-M-VT
Don't Utah,My Virginia,D-UT-M-VA
Don't Utah,My Washington,D-UT-M-WA
Don't Utah,My West Virginia,D-UT-M-WV
Don't Utah,My Wisconsin,D-UT-M-WI
Don't Utah,My Wyoming,D-UT-M-WY
Don't Vermont,My Alabama,D-VT-M-AL
Don't Vermont,My Alaska,D-VT-M-AK
Don't Vermont,My Arizona,D-VT-M-AZ
Don't Vermont,My Arkansas,D-VT-M-AR
Don't Vermont,My California,D-VT-M-CA
Don't Vermont,My Colorado,D-VT-M-CO
Don't Vermont,My Connecticut,D-VT-M-CT
Don't Vermont,My Delaware,D-VT-M-DE
Don't Vermont,My Florida,D-VT-M-FL
Don't Vermont,My Georgia,D-VT-M-GA
Don't Vermont,My Hawaii,D-VT-M-HI
Don't Vermont,My Idaho,D-VT-M-ID
Don't Vermont,My Illinois,D-VT-M-IL
Don't Vermont,My Indiana,D-VT-M-IN
Don't Vermont,My Iowa,D-VT-M-IA
Don't Vermont,My Kansas,D-VT-M-KS
Don't Vermont,My Kentucky,D-VT-M-KY
Don't Vermont,My Louisiana,D-VT-M-LA
Don't Vermont,My Maine,D-VT-M-ME
Don't Vermont,My Maryland,D-VT-M-MD
Don't Vermont,My Massachusetts,D-VT-M-MA
Don't Vermont,My Michigan,D-VT-M-MI
Don't Vermont,My Minnesota,D-VT-M-MN
Don't Vermont,My Mississippi,D-VT-M-MS
Don't Vermont,My Missouri,D-VT-M-MO
Don't Vermont,My Montana,D-VT-M-MT
Don't Vermont,My Nebraska,D-VT-M-NE
Don't Vermont,My Nevada,D-VT-M-NV
Don't Vermont,My New Hampshire,D-VT-M-NH
Don't Vermont,My New Jersey,D-VT-M-NJ
Don't Vermont,My New Mexico,D-VT-M-NM
Don't Vermont,My New York,D-VT-M-NY
Don't Vermont,My North Carolina,D-VT-M-NC
Don't Vermont,My North Dakota,D-VT-M-ND
Don't Vermont,My Ohio,D-VT-M-OH
Don't Vermont,My Oklahoma,D-VT-M-OK
Don't Vermont,My Oregon,D-VT-M-OR
Don't Vermont,My Pennsylvania,D-VT-M-PA
Don't Vermont,My Rhode Island,D-VT-M-RI
Don't Vermont,My South Carolina,D-VT-M-SC
Don't Vermont,My South Dakota,D-VT-M-SD
Don't Vermont,My Tennessee,D-VT-M-TN
Don't Vermont,My Texas,D-VT-M-TX
Don't Vermont,My Utah,D-VT-M-UT
Don't Vermont,My Vermont,D-VT-M-VT
Don't Vermont,My Virginia,D-VT-M-VA
Don't Vermont,My Washington,D-VT-M-WA
Don't Vermont,My West Virginia,D-VT-M-WV
Don't Vermont,My Wisconsin,D-VT-M-WI
Don't Vermont,My Wyoming,D-VT-M-WY
Don't Virginia,My Alabama,D-VA-M-AL
Don't Virginia,My Alaska,D-VA-M-AK
Don't Virginia,My Arizona,D-VA-M-AZ
Don't Virginia,My Arkansas,D-VA-M-AR
Don't Virginia,My California,D-VA-M-CA
Don't Virginia,My Colorado,D-VA-M-CO
Don't Virginia,My Connecticut,D-VA-M-CT
Don't Virginia,My Delaware,D-VA-M-DE
Don't Virginia,My Florida,D-VA-M-FL
Don't Virginia,My Georgia,D-VA-M-GA
Don't Virginia,My Hawaii,D-VA-M-HI
Don't Virginia,My Idaho,D-VA-M-ID
Don't Virginia,My Illinois,D-VA-M-IL
Don't Virginia,My Indiana,D-VA-M-IN
Don't Virginia,My Iowa,D-VA-M-IA
Don't Virginia,My Kansas,D-VA-M-KS
Don't Virginia,My Kentucky,D-VA-M-KY
Don't Virginia,My Louisiana,D-VA-M-LA
Don't Virginia,My Maine,D-VA-M-ME
Don't Virginia,My Maryland,D-VA-M-MD
Don't Virginia,My Massachusetts,D-VA-M-MA
Don't Virginia,My Michigan,D-VA-M-MI
Don't Virginia,My Minnesota,D-VA-M-MN
Don't Virginia,My Mississippi,D-VA-M-MS
Don't Virginia,My Missouri,D-VA-M-MO
Don't Virginia,My Montana,D-VA-M-MT
Don't Virginia,My Nebraska,D-VA-M-NE
Don't Virginia,My Nevada,D-VA-M-NV
Don't Virginia,My New Hampshire,D-VA-M-NH
Don't Virginia,My New Jersey,D-VA-M-NJ
Don't Virginia,My New Mexico,D-VA-M-NM
Don't Virginia,My New York,D-VA-M-NY
Don't Virginia,My North Carolina,D-VA-M-NC
Don't Virginia,My North Dakota,D-VA-M-ND
Don't Virginia,My Ohio,D-VA-M-OH
Don't Virginia,My Oklahoma,D-VA-M-OK
Don't Virginia,My Oregon,D-VA-M-OR
Don't Virginia,My Pennsylvania,D-VA-M-PA
Don't Virginia,My Rhode Island,D-VA-M-RI
Don't Virginia,My South Carolina,D-VA-M-SC
Don't Virginia,My South Dakota,D-VA-M-SD
Don't Virginia,My Tennessee,D-VA-M-TN
Don't Virginia,My Texas,D-VA-M-TX
Don't Virginia,My Utah,D-VA-M-UT
Don't Virginia,My Vermont,D-VA-M-VT
Don't Virginia,My Virginia,D-VA-M-VA
Don't Virginia,My Washington,D-VA-M-WA
Don't Virginia,My West Virginia,D-VA-M-WV
Don't Virginia,My Wisconsin,D-VA-M-WI
Don't Virginia,My Wyoming,D-VA-M-WY
Don't Washington,My Alabama,D-WA-M-AL
Don't Washington,My Alaska,D-WA-M-AK
Don't Washington,My Arizona,D-WA-M-AZ
Don't Washington,My Arkansas,D-WA-M-AR
Don't Washington,My California,D-WA-M-CA
Don't Washington,My Colorado,D-WA-M-CO
Don't Washington,My Connecticut,D-WA-M-CT
Don't Washington,My Delaware,D-WA-M-DE
Don't Washington,My Florida,D-WA-M-FL
Don't Washington,My Georgia,D-WA-M-GA
Don't Washington,My Hawaii,D-WA-M-HI
Don't Washington,My Idaho,D-WA-M-ID
Don't Washington,My Illinois,D-WA-M-IL
Don't Washington,My Indiana,D-WA-M-IN
Don't Washington,My Iowa,D-WA-M-IA
Don't Washington,My Kansas,D-WA-M-KS
Don't Washington,My Kentucky,D-WA-M-KY
Don't Washington,My Louisiana,D-WA-M-LA
Don't Washington,My Maine,D-WA-M-ME
Don't Washington,My Maryland,D-WA-M-MD
Don't Washington,My Massachusetts,D-WA-M-MA
Don't Washington,My Michigan,D-WA-M-MI
Don't Washington,My Minnesota,D-WA-M-MN
Don't Washington,My Mississippi,D-WA-M-MS
Don't Washington,My Missouri,D-WA-M-MO
Don't Washington,My Montana,D-WA-M-MT
Don't Washington,My Nebraska,D-WA-M-NE
Don't Washington,My Nevada,D-WA-M-NV
Don't Washington,My New Hampshire,D-WA-M-NH
Don't Washington,My New Jersey,D-WA-M-NJ
Don't Washington,My New Mexico,D-WA-M-NM
Don't Washington,My New York,D-WA-M-NY
Don't Washington,My North Carolina,D-WA-M-NC
Don't Washington,My North Dakota,D-WA-M-ND
Don't Washington,My Ohio,D-WA-M-OH
Don't Washington,My Oklahoma,D-WA-M-OK
Don't Washington,My Oregon,D-WA-M-OR
Don't Washington,My Pennsylvania,D-WA-M-PA
Don't Washington,My Rhode Island,D-WA-M-RI
Don't Washington,My South Carolina,D-WA-M-SC
Don't Washington,My South Dakota,D-WA-M-SD
Don't Washington,My Tennessee,D-WA-M-TN
Don't Washington,My Texas,D-WA-M-TX
Don't Washington,My Utah,D-WA-M-UT
Don't Washington,My Vermont,D-WA-M-VT
Don't Washington,My Virginia,D-WA-M-VA
Don't Washington,My Washington,D-WA-M-WA
Don't Washington,My West Virginia,D-WA-M-WV
Don't Washington,My Wisconsin,D-WA-M-WI
Don't Washington,My Wyoming,D-WA-M-WY
Don't West Virginia,My Alabama,D-WV-M-AL
Don't West Virginia,My Alaska,D-WV-M-AK
Don't West Virginia,My Arizona,D-WV-M-AZ
Don't West Virginia,My Arkansas,D-WV-M-AR
Don't West Virginia,My California,D-WV-M-CA
Don't West Virginia,My Colorado,D-WV-M-CO
Don't West Virginia,My Connecticut,D-WV-M-CT
Don't West Virginia,My Delaware,D-WV-M-DE
Don't West Virginia,My Florida,D-WV-M-FL
Don't West Virginia,My Georgia,D-WV-M-GA
Don't West Virginia,My Hawaii,D-WV-M-HI
Don't West Virginia,My Idaho,D-WV-M-ID
Don't West Virginia,My Illinois,D-WV-M-IL
Don't West Virginia,My Indiana,D-WV-M-IN
Don't West Virginia,My Iowa,D-WV-M-IA
Don't West Virginia,My Kansas,D-WV-M-KS
Don't West Virginia,My Kentucky,D-WV-M-KY
Don't West Virginia,My Louisiana,D-WV-M-LA
Don't West Virginia,My Maine,D-WV-M-ME
Don't West Virginia,My Maryland,D-WV-M-MD
Don't West Virginia,My Massachusetts,D-WV-M-MA
Don't West Virginia,My Michigan,D-WV-M-MI
Don't West Virginia,My Minnesota,D-WV-M-MN
Don't West Virginia,My Mississippi,D-WV-M-MS
Don't West Virginia,My Missouri,D-WV-M-MO
Don't West Virginia,My Montana,D-WV-M-MT
Don't West Virginia,My Nebraska,D-WV-M-NE
Don't West Virginia,My Nevada,D-WV-M-NV
Don't West Virginia,My New Hampshire,D-WV-M-NH
Don't West Virginia,My New Jersey,D-WV-M-NJ
Don't West Virginia,My New Mexico,D-WV-M-NM
Don't West Virginia,My New York,D-WV-M-NY
Don't West Virginia,My North Carolina,D-WV-M-NC
Don't West Virginia,My North Dakota,D-WV-M-ND
Don't West Virginia,My Ohio,D-WV-M-OH
Don't West Virginia,My Oklahoma,D-WV-M-OK
Don't West Virginia,My Oregon,D-WV-M-OR
Don't West Virginia,My Pennsylvania,D-WV-M-PA
Don't West Virginia,My Rhode Island,D-WV-M-RI
Don't West Virginia,My South Carolina,D-WV-M-SC
Don't West Virginia,My South Dakota,D-WV-M-SD
Don't West Virginia,My Tennessee,D-WV-M-TN
Don't West Virginia,My Texas,D-WV-M-TX
Don't West Virginia,My Utah,D-WV-M-UT
Don't West Virginia,My Vermont,D-WV-M-VT
Don't West Virginia,My Virginia,D-WV-M-VA
Don't West Virginia,My Washington,D-WV-M-WA
Don't West Virginia,My West Virginia,D-WV-M-WV
Don't West Virginia,My Wisconsin,D-WV-M-WI
Don't West Virginia,My Wyoming,D-WV-M-WY
Don't Wisconsin,My Alabama,D-WI-M-AL
Don't Wisconsin,My Alaska,D-WI-M-AK
Don't Wisconsin,My Arizona,D-WI-M-AZ
Don't Wisconsin,My Arkansas,D-WI-M-AR
Don't Wisconsin,My California,D-WI-M-CA
Don't Wisconsin,My Colorado,D-WI-M-CO
Don't Wisconsin,My Connecticut,D-WI-M-CT
Don't Wisconsin,My Delaware,D-WI-M-DE
Don't Wisconsin,My Florida,D-WI-M-FL
Don't Wisconsin,My Georgia,D-WI-M-GA
Don't Wisconsin,My Hawaii,D-WI-M-HI
Don't Wisconsin,My Idaho,D-WI-M-ID
Don't Wisconsin,My Illinois,D-WI-M-IL
Don't Wisconsin,My Indiana,D-WI-M-IN
Don't Wisconsin,My Iowa,D-WI-M-IA
Don't Wisconsin,My Kansas,D-WI-M-KS
Don't Wisconsin,My Kentucky,D-WI-M-KY
Don't Wisconsin,My Louisiana,D-WI-M-LA
Don't Wisconsin,My Maine,D-WI-M-ME
Don't Wisconsin,My Maryland,D-WI-M-MD
Don't Wisconsin,My Massachusetts,D-WI-M-MA
Don't Wisconsin,My Michigan,D-WI-M-MI
Don't Wisconsin,My Minnesota,D-WI-M-MN
Don't Wisconsin,My Mississippi,D-WI-M-MS
Don't Wisconsin,My Missouri,D-WI-M-MO
Don't Wisconsin,My Montana,D-WI-M-MT
Don't Wisconsin,My Nebraska,D-WI-M-NE
Don't Wisconsin,My Nevada,D-WI-M-NV
Don't Wisconsin,My New Hampshire,D-WI-M-NH
Don't Wisconsin,My New Jersey,D-WI-M-NJ
Don't Wisconsin,My New Mexico,D-WI-M-NM
Don't Wisconsin,My New York,D-WI-M-NY
Don't Wisconsin,My North Carolina,D-WI-M-NC
Don't Wisconsin,My North Dakota,D-WI-M-ND
Don't Wisconsin,My Ohio,D-WI-M-OH
Don't Wisconsin,My Oklahoma,D-WI-M-OK
Don't Wisconsin,My Oregon,D-WI-M-OR
Don't Wisconsin,My Pennsylvania,D-WI-M-PA
Don't Wisconsin,My Rhode Island,D-WI-M-RI
Don't Wisconsin,My South Carolina,D-WI-M-SC
Don't Wisconsin,My South Dakota,D-WI-M-SD
Don't Wisconsin,My Tennessee,D-WI-M-TN
Don't Wisconsin,My Texas,D-WI-M-TX
Don't Wisconsin,My Utah,D-WI-M-UT
Don't Wisconsin,My Vermont,D-WI-M-VT
Don't Wisconsin,My Virginia,D-WI-M-VA
Don't Wisconsin,My Washington,D-WI-M-WA
Don't Wisconsin,My West Virginia,D-WI-M-WV
Don't Wisconsin,My Wisconsin,D-WI-M-WI
Don't Wisconsin,My Wyoming,D-WI-M-WY
Don't Wyoming,My Alabama,D-WY-M-AL
Don't Wyoming,My Alaska,D-WY-M-AK
Don't Wyoming,My Arizona,D-WY-M-AZ
Don't Wyoming,My Arkansas,D-WY-M-AR
Don't Wyoming,My California,D-WY-M-CA
Don't Wyoming,My Colorado,D-WY-M-CO
Don't Wyoming,My Connecticut,D-WY-M-CT
Don't Wyoming,My Delaware,D-WY-M-DE
Don't Wyoming,My Florida,D-WY-M-FL
Don't Wyoming,My Georgia,D-WY-M-GA
Don't Wyoming,My Hawaii,D-WY-M-HI
Don't Wyoming,My Idaho,D-WY-M-ID
Don't Wyoming,My Illinois,D-WY-M-IL
Don't Wyoming,My Indiana,D-WY-M-IN
Don't Wyoming,My Iowa,D-WY-M-IA
Don't Wyoming,My Kansas,D-WY-M-KS
Don't Wyoming,My Kentucky,D-WY-M-KY
Don't Wyoming,My Louisiana,D-WY-M-LA
Don't Wyoming,My Maine,D-WY-M-ME
Don't Wyoming,My Maryland,D-WY-M-MD
Don't Wyoming,My Massachusetts,D-WY-M-MA
Don't Wyoming,My Michigan,D-WY-M-MI
Don't Wyoming,My Minnesota,D-WY-M-MN
Don't Wyoming,My Mississippi,D-WY-M-MS
Don't Wyoming,My Missouri,D-WY-M-MO
Don't Wyoming,My Montana,D-WY-M-MT
Don't Wyoming,My Nebraska,D-WY-M-NE
Don't Wyoming,My Nevada,D-WY-M-NV
Don't Wyoming,My New Hampshire,D-WY-M-NH
Don't Wyoming,My New Jersey,D-WY-M-NJ
Don't Wyoming,My New Mexico,D-WY-M-NM
Don't Wyoming,My New York,D-WY-M-NY
Don't Wyoming,My North Carolina,D-WY-M-NC
Don't Wyoming,My North Dakota,D-WY-M-ND
Don't Wyoming,My Ohio,D-WY-M-OH
Don't Wyoming,My Oklahoma,D-WY-M-OK
Don't Wyoming,My Oregon,D-WY-M-OR
Don't Wyoming,My Pennsylvania,D-WY-M-PA
Don't Wyoming,My Rhode Island,D-WY-M-RI
Don't Wyoming,My South Carolina,D-WY-M-SC
Don't Wyoming,My South Dakota,D-WY-M-SD
Don't Wyoming,My Tennessee,D-WY-M-TN
Don't Wyoming,My Texas,D-WY-M-TX
Don't Wyoming,My Utah,D-WY-M-UT
Don't Wyoming,My Vermont,D-WY-M-VT
Don't Wyoming,My Virginia,D-WY-M-VA
Don't Wyoming,My Washington,D-WY-M-WA
Don't Wyoming,My West Virginia,D-WY-M-WV
Don't Wyoming,My Wisconsin,D-WY-M-WI
Don't Wyoming,My Wyoming,D-WY-M-WY
